<?xml version="1.0" ?><gpx xmlns="http://www.topografix.com/GPX/1/1" creator="GaiaGPS" version="1.1" xmlns:xsi="http://www.w3.org/2001/XMLSchema-instance" xsi:schemaLocation="http://www.topografix.com/GPX/1/1 http://www.topografix.com/GPX/1/1/gpx.xsd"><trk><name>Hidden Lake Peak</name><desc></desc><extensions><line xmlns="http://www.topografix.com/GPX/gpx_style/0/2"><color>2D3FC7</color></line></extensions><trkseg><trkpt lat="48.520241" lon="-121.248679"><ele>636.4873046875</ele><time>2020-03-21T14:09:07Z</time></trkpt><trkpt lat="48.520269" lon="-121.248671"><ele>634.775634765625</ele><time>2020-03-21T14:09:26Z</time></trkpt><trkpt lat="48.520269" lon="-121.248671"><ele>634.7794189453125</ele><time>2020-03-21T14:09:27Z</time></trkpt><trkpt lat="48.520262" lon="-121.2486"><ele>637.306396484375</ele><time>2020-03-21T14:10:36Z</time></trkpt><trkpt lat="48.520218" lon="-121.24861"><ele>638.7255859375</ele><time>2020-03-21T14:11:54Z</time></trkpt><trkpt lat="48.520224" lon="-121.248648"><ele>644.696044921875</ele><time>2020-03-21T14:13:03Z</time></trkpt><trkpt lat="48.520263" lon="-121.24871"><ele>644.7550048828125</ele><time>2020-03-21T14:13:06Z</time></trkpt><trkpt lat="48.520281" lon="-121.248728"><ele>644.3385009765625</ele><time>2020-03-21T14:13:07Z</time></trkpt><trkpt lat="48.520394" lon="-121.2488"><ele>643.8489990234375</ele><time>2020-03-21T14:13:15Z</time></trkpt><trkpt lat="48.520473" lon="-121.248798"><ele>652.8028564453125</ele><time>2020-03-21T14:13:27Z</time></trkpt><trkpt lat="48.520485" lon="-121.248799"><ele>653.82275390625</ele><time>2020-03-21T14:13:28Z</time></trkpt><trkpt lat="48.520512" lon="-121.24877"><ele>655.2261962890625</ele><time>2020-03-21T14:13:31Z</time></trkpt><trkpt lat="48.520539" lon="-121.248702"><ele>656.024169921875</ele><time>2020-03-21T14:13:36Z</time></trkpt><trkpt lat="48.520545" lon="-121.248668"><ele>655.8253173828125</ele><time>2020-03-21T14:13:39Z</time></trkpt><trkpt lat="48.520529" lon="-121.248609"><ele>656.049072265625</ele><time>2020-03-21T14:13:42Z</time></trkpt><trkpt lat="48.520525" lon="-121.248597"><ele>655.94921875</ele><time>2020-03-21T14:13:43Z</time></trkpt><trkpt lat="48.520505" lon="-121.248496"><ele>657.3822021484375</ele><time>2020-03-21T14:13:49Z</time></trkpt><trkpt lat="48.520455" lon="-121.248452"><ele>656.9716796875</ele><time>2020-03-21T14:13:54Z</time></trkpt><trkpt lat="48.520443" lon="-121.248412"><ele>657.094482421875</ele><time>2020-03-21T14:13:57Z</time></trkpt><trkpt lat="48.520436" lon="-121.248401"><ele>658.285888671875</ele><time>2020-03-21T14:13:58Z</time></trkpt><trkpt lat="48.520432" lon="-121.248344"><ele>656.753662109375</ele><time>2020-03-21T14:14:01Z</time></trkpt><trkpt lat="48.52042" lon="-121.248322"><ele>657.3447265625</ele><time>2020-03-21T14:14:03Z</time></trkpt><trkpt lat="48.520386" lon="-121.248294"><ele>659.63671875</ele><time>2020-03-21T14:14:07Z</time></trkpt><trkpt lat="48.520333" lon="-121.248288"><ele>661.9737548828125</ele><time>2020-03-21T14:14:10Z</time></trkpt><trkpt lat="48.520318" lon="-121.248277"><ele>662.5006103515625</ele><time>2020-03-21T14:14:11Z</time></trkpt><trkpt lat="48.520307" lon="-121.248269"><ele>662.2664794921875</ele><time>2020-03-21T14:14:12Z</time></trkpt><trkpt lat="48.520197" lon="-121.248161"><ele>663.953369140625</ele><time>2020-03-21T14:14:23Z</time></trkpt><trkpt lat="48.520183" lon="-121.24811"><ele>662.7708740234375</ele><time>2020-03-21T14:14:26Z</time></trkpt><trkpt lat="48.52018" lon="-121.248088"><ele>661.5478515625</ele><time>2020-03-21T14:14:27Z</time></trkpt><trkpt lat="48.520173" lon="-121.248039"><ele>662.652099609375</ele><time>2020-03-21T14:14:29Z</time></trkpt><trkpt lat="48.520121" lon="-121.247869"><ele>663.188232421875</ele><time>2020-03-21T14:14:36Z</time></trkpt><trkpt lat="48.520113" lon="-121.247844"><ele>661.77587890625</ele><time>2020-03-21T14:14:37Z</time></trkpt><trkpt lat="48.520088" lon="-121.247713"><ele>658.438720703125</ele><time>2020-03-21T14:14:43Z</time></trkpt><trkpt lat="48.520081" lon="-121.247608"><ele>657.875732421875</ele><time>2020-03-21T14:14:49Z</time></trkpt><trkpt lat="48.520078" lon="-121.247581"><ele>659.345458984375</ele><time>2020-03-21T14:14:50Z</time></trkpt><trkpt lat="48.520041" lon="-121.247434"><ele>657.4227294921875</ele><time>2020-03-21T14:14:58Z</time></trkpt><trkpt lat="48.520005" lon="-121.247379"><ele>661.422119140625</ele><time>2020-03-21T14:15:01Z</time></trkpt><trkpt lat="48.519999" lon="-121.247364"><ele>660.141845703125</ele><time>2020-03-21T14:15:02Z</time></trkpt><trkpt lat="48.519972" lon="-121.247307"><ele>660.6513671875</ele><time>2020-03-21T14:15:05Z</time></trkpt><trkpt lat="48.519965" lon="-121.247181"><ele>664.522705078125</ele><time>2020-03-21T14:15:11Z</time></trkpt><trkpt lat="48.519943" lon="-121.247148"><ele>667.3218994140625</ele><time>2020-03-21T14:15:13Z</time></trkpt><trkpt lat="48.519933" lon="-121.247137"><ele>666.9873046875</ele><time>2020-03-21T14:15:14Z</time></trkpt><trkpt lat="48.519892" lon="-121.247071"><ele>662.869873046875</ele><time>2020-03-21T14:15:20Z</time></trkpt><trkpt lat="48.519885" lon="-121.247002"><ele>664.39794921875</ele><time>2020-03-21T14:15:25Z</time></trkpt><trkpt lat="48.519855" lon="-121.246892"><ele>666.7254638671875</ele><time>2020-03-21T14:15:31Z</time></trkpt><trkpt lat="48.519848" lon="-121.246874"><ele>667.201416015625</ele><time>2020-03-21T14:15:32Z</time></trkpt><trkpt lat="48.519827" lon="-121.246746"><ele>671.7119140625</ele><time>2020-03-21T14:15:38Z</time></trkpt><trkpt lat="48.519827" lon="-121.246659"><ele>669.9825439453125</ele><time>2020-03-21T14:15:42Z</time></trkpt><trkpt lat="48.519822" lon="-121.24664"><ele>671.686279296875</ele><time>2020-03-21T14:15:43Z</time></trkpt><trkpt lat="48.519814" lon="-121.246591"><ele>670.951416015625</ele><time>2020-03-21T14:15:46Z</time></trkpt><trkpt lat="48.519819" lon="-121.246524"><ele>673.09326171875</ele><time>2020-03-21T14:15:49Z</time></trkpt><trkpt lat="48.519806" lon="-121.246478"><ele>675.200927734375</ele><time>2020-03-21T14:15:51Z</time></trkpt><trkpt lat="48.519785" lon="-121.24645"><ele>676.8121337890625</ele><time>2020-03-21T14:15:54Z</time></trkpt><trkpt lat="48.519779" lon="-121.246437"><ele>676.836181640625</ele><time>2020-03-21T14:15:55Z</time></trkpt><trkpt lat="48.519765" lon="-121.24628"><ele>675.43115234375</ele><time>2020-03-21T14:16:03Z</time></trkpt><trkpt lat="48.519735" lon="-121.246171"><ele>675.44677734375</ele><time>2020-03-21T14:16:09Z</time></trkpt><trkpt lat="48.519732" lon="-121.24615"><ele>675.705078125</ele><time>2020-03-21T14:16:10Z</time></trkpt><trkpt lat="48.519715" lon="-121.245961"><ele>671.17333984375</ele><time>2020-03-21T14:16:22Z</time></trkpt><trkpt lat="48.519693" lon="-121.245902"><ele>672.784423828125</ele><time>2020-03-21T14:16:25Z</time></trkpt><trkpt lat="48.519685" lon="-121.245885"><ele>673.347412109375</ele><time>2020-03-21T14:16:26Z</time></trkpt><trkpt lat="48.519676" lon="-121.24585"><ele>675.12109375</ele><time>2020-03-21T14:16:28Z</time></trkpt><trkpt lat="48.519689" lon="-121.245763"><ele>675.7294921875</ele><time>2020-03-21T14:16:33Z</time></trkpt><trkpt lat="48.519679" lon="-121.245657"><ele>679.140869140625</ele><time>2020-03-21T14:16:37Z</time></trkpt><trkpt lat="48.519676" lon="-121.24564"><ele>680.3509521484375</ele><time>2020-03-21T14:16:38Z</time></trkpt><trkpt lat="48.519667" lon="-121.245421"><ele>677.795654296875</ele><time>2020-03-21T14:16:50Z</time></trkpt><trkpt lat="48.519665" lon="-121.245398"><ele>676.934814453125</ele><time>2020-03-21T14:16:51Z</time></trkpt><trkpt lat="48.519669" lon="-121.245308"><ele>676.62255859375</ele><time>2020-03-21T14:16:55Z</time></trkpt><trkpt lat="48.519659" lon="-121.245252"><ele>673.86083984375</ele><time>2020-03-21T14:16:58Z</time></trkpt><trkpt lat="48.519666" lon="-121.245162"><ele>674.243408203125</ele><time>2020-03-21T14:17:03Z</time></trkpt><trkpt lat="48.519668" lon="-121.245141"><ele>673.683837890625</ele><time>2020-03-21T14:17:04Z</time></trkpt><trkpt lat="48.519681" lon="-121.24489"><ele>670.288818359375</ele><time>2020-03-21T14:17:18Z</time></trkpt><trkpt lat="48.519674" lon="-121.24486"><ele>671.747314453125</ele><time>2020-03-21T14:17:20Z</time></trkpt><trkpt lat="48.519631" lon="-121.244779"><ele>672.3956298828125</ele><time>2020-03-21T14:17:24Z</time></trkpt><trkpt lat="48.519593" lon="-121.244676"><ele>671.883056640625</ele><time>2020-03-21T14:17:30Z</time></trkpt><trkpt lat="48.519592" lon="-121.244654"><ele>671.3175048828125</ele><time>2020-03-21T14:17:31Z</time></trkpt><trkpt lat="48.519582" lon="-121.244574"><ele>672.578369140625</ele><time>2020-03-21T14:17:35Z</time></trkpt><trkpt lat="48.519557" lon="-121.244479"><ele>671.9136962890625</ele><time>2020-03-21T14:17:40Z</time></trkpt><trkpt lat="48.519535" lon="-121.244442"><ele>673.760009765625</ele><time>2020-03-21T14:17:42Z</time></trkpt><trkpt lat="48.519526" lon="-121.244426"><ele>674.5711669921875</ele><time>2020-03-21T14:17:43Z</time></trkpt><trkpt lat="48.519455" lon="-121.244314"><ele>676.526611328125</ele><time>2020-03-21T14:17:49Z</time></trkpt><trkpt lat="48.519442" lon="-121.24428"><ele>676.9208984375</ele><time>2020-03-21T14:17:51Z</time></trkpt><trkpt lat="48.519445" lon="-121.244231"><ele>676.362548828125</ele><time>2020-03-21T14:17:53Z</time></trkpt><trkpt lat="48.519445" lon="-121.244205"><ele>677.205810546875</ele><time>2020-03-21T14:17:54Z</time></trkpt><trkpt lat="48.519438" lon="-121.244149"><ele>679.5263671875</ele><time>2020-03-21T14:17:57Z</time></trkpt><trkpt lat="48.519456" lon="-121.244043"><ele>681.12060546875</ele><time>2020-03-21T14:18:02Z</time></trkpt><trkpt lat="48.519422" lon="-121.243961"><ele>680.8201904296875</ele><time>2020-03-21T14:18:08Z</time></trkpt><trkpt lat="48.519417" lon="-121.243944"><ele>680.531982421875</ele><time>2020-03-21T14:18:09Z</time></trkpt><trkpt lat="48.519394" lon="-121.243869"><ele>681.66357421875</ele><time>2020-03-21T14:18:14Z</time></trkpt><trkpt lat="48.519386" lon="-121.243799"><ele>682.302490234375</ele><time>2020-03-21T14:18:18Z</time></trkpt><trkpt lat="48.519362" lon="-121.243737"><ele>683.51513671875</ele><time>2020-03-21T14:18:23Z</time></trkpt><trkpt lat="48.51937" lon="-121.243682"><ele>683.3759765625</ele><time>2020-03-21T14:18:26Z</time></trkpt><trkpt lat="48.519371" lon="-121.243659"><ele>682.50732421875</ele><time>2020-03-21T14:18:27Z</time></trkpt><trkpt lat="48.51937" lon="-121.243587"><ele>683.5283203125</ele><time>2020-03-21T14:18:30Z</time></trkpt><trkpt lat="48.519392" lon="-121.243509"><ele>683.4295654296875</ele><time>2020-03-21T14:18:33Z</time></trkpt><trkpt lat="48.519395" lon="-121.243432"><ele>681.159912109375</ele><time>2020-03-21T14:18:37Z</time></trkpt><trkpt lat="48.519394" lon="-121.243407"><ele>681.497802734375</ele><time>2020-03-21T14:18:38Z</time></trkpt><trkpt lat="48.51938" lon="-121.243332"><ele>681.0001220703125</ele><time>2020-03-21T14:18:41Z</time></trkpt><trkpt lat="48.519382" lon="-121.243253"><ele>679.929931640625</ele><time>2020-03-21T14:18:45Z</time></trkpt><trkpt lat="48.519359" lon="-121.243198"><ele>682.16748046875</ele><time>2020-03-21T14:18:48Z</time></trkpt><trkpt lat="48.519345" lon="-121.24318"><ele>683.322509765625</ele><time>2020-03-21T14:18:49Z</time></trkpt><trkpt lat="48.519337" lon="-121.243136"><ele>683.2904052734375</ele><time>2020-03-21T14:18:52Z</time></trkpt><trkpt lat="48.519345" lon="-121.243073"><ele>681.357666015625</ele><time>2020-03-21T14:18:55Z</time></trkpt><trkpt lat="48.519372" lon="-121.24298"><ele>682.8167724609375</ele><time>2020-03-21T14:18:59Z</time></trkpt><trkpt lat="48.519383" lon="-121.24296"><ele>682.559814453125</ele><time>2020-03-21T14:19:00Z</time></trkpt><trkpt lat="48.519414" lon="-121.242843"><ele>682.1708984375</ele><time>2020-03-21T14:19:05Z</time></trkpt><trkpt lat="48.519461" lon="-121.242781"><ele>682.088623046875</ele><time>2020-03-21T14:19:11Z</time></trkpt><trkpt lat="48.519469" lon="-121.242775"><ele>681.477294921875</ele><time>2020-03-21T14:19:12Z</time></trkpt><trkpt lat="48.51951" lon="-121.242759"><ele>682.04931640625</ele><time>2020-03-21T14:19:15Z</time></trkpt><trkpt lat="48.519547" lon="-121.242663"><ele>686.346923828125</ele><time>2020-03-21T14:19:21Z</time></trkpt><trkpt lat="48.519549" lon="-121.242606"><ele>684.301025390625</ele><time>2020-03-21T14:19:24Z</time></trkpt><trkpt lat="48.519549" lon="-121.242585"><ele>683.68310546875</ele><time>2020-03-21T14:19:25Z</time></trkpt><trkpt lat="48.519584" lon="-121.242351"><ele>690.5263671875</ele><time>2020-03-21T14:19:37Z</time></trkpt><trkpt lat="48.519591" lon="-121.242338"><ele>691.034423828125</ele><time>2020-03-21T14:19:38Z</time></trkpt><trkpt lat="48.519622" lon="-121.242327"><ele>692.3896484375</ele><time>2020-03-21T14:19:41Z</time></trkpt><trkpt lat="48.519638" lon="-121.242301"><ele>692.190673828125</ele><time>2020-03-21T14:19:43Z</time></trkpt><trkpt lat="48.519637" lon="-121.242165"><ele>695.2509765625</ele><time>2020-03-21T14:19:49Z</time></trkpt><trkpt lat="48.519635" lon="-121.24214"><ele>696.6998291015625</ele><time>2020-03-21T14:19:50Z</time></trkpt><trkpt lat="48.519637" lon="-121.242071"><ele>697.10107421875</ele><time>2020-03-21T14:19:53Z</time></trkpt><trkpt lat="48.519657" lon="-121.242014"><ele>701.529052734375</ele><time>2020-03-21T14:19:58Z</time></trkpt><trkpt lat="48.519673" lon="-121.241993"><ele>701.60546875</ele><time>2020-03-21T14:20:00Z</time></trkpt><trkpt lat="48.519697" lon="-121.241989"><ele>701.5</ele><time>2020-03-21T14:20:02Z</time></trkpt><trkpt lat="48.519717" lon="-121.241971"><ele>702.6253662109375</ele><time>2020-03-21T14:20:04Z</time></trkpt><trkpt lat="48.519736" lon="-121.241925"><ele>701.36474609375</ele><time>2020-03-21T14:20:06Z</time></trkpt><trkpt lat="48.519744" lon="-121.241902"><ele>700.732177734375</ele><time>2020-03-21T14:20:07Z</time></trkpt><trkpt lat="48.519772" lon="-121.241768"><ele>697.6629638671875</ele><time>2020-03-21T14:20:13Z</time></trkpt><trkpt lat="48.519823" lon="-121.241726"><ele>700.9033203125</ele><time>2020-03-21T14:20:17Z</time></trkpt><trkpt lat="48.519838" lon="-121.241709"><ele>702.22802734375</ele><time>2020-03-21T14:20:18Z</time></trkpt><trkpt lat="48.51987" lon="-121.241674"><ele>700.827880859375</ele><time>2020-03-21T14:20:22Z</time></trkpt><trkpt lat="48.519907" lon="-121.241676"><ele>699.4112548828125</ele><time>2020-03-21T14:20:25Z</time></trkpt><trkpt lat="48.519961" lon="-121.24161"><ele>703.58349609375</ele><time>2020-03-21T14:20:31Z</time></trkpt><trkpt lat="48.519997" lon="-121.2416"><ele>703.224609375</ele><time>2020-03-21T14:20:33Z</time></trkpt><trkpt lat="48.520014" lon="-121.241592"><ele>702.678955078125</ele><time>2020-03-21T14:20:34Z</time></trkpt><trkpt lat="48.520096" lon="-121.241536"><ele>704.669677734375</ele><time>2020-03-21T14:20:41Z</time></trkpt><trkpt lat="48.520142" lon="-121.241529"><ele>703.3243408203125</ele><time>2020-03-21T14:20:44Z</time></trkpt><trkpt lat="48.520171" lon="-121.241509"><ele>703.08154296875</ele><time>2020-03-21T14:20:47Z</time></trkpt><trkpt lat="48.520181" lon="-121.241497"><ele>702.2401123046875</ele><time>2020-03-21T14:20:48Z</time></trkpt><trkpt lat="48.520184" lon="-121.241456"><ele>705.809326171875</ele><time>2020-03-21T14:20:57Z</time></trkpt><trkpt lat="48.520301" lon="-121.241358"><ele>716.41748046875</ele><time>2020-03-21T14:21:07Z</time></trkpt><trkpt lat="48.520316" lon="-121.241357"><ele>715.4473876953125</ele><time>2020-03-21T14:21:08Z</time></trkpt><trkpt lat="48.520463" lon="-121.241311"><ele>713.146484375</ele><time>2020-03-21T14:21:17Z</time></trkpt><trkpt lat="48.520486" lon="-121.241301"><ele>712.4464111328125</ele><time>2020-03-21T14:21:18Z</time></trkpt><trkpt lat="48.520535" lon="-121.241273"><ele>711.923095703125</ele><time>2020-03-21T14:21:22Z</time></trkpt><trkpt lat="48.520585" lon="-121.24121"><ele>713.7337646484375</ele><time>2020-03-21T14:21:27Z</time></trkpt><trkpt lat="48.520639" lon="-121.241181"><ele>713.237548828125</ele><time>2020-03-21T14:21:31Z</time></trkpt><trkpt lat="48.520647" lon="-121.241174"><ele>712.51416015625</ele><time>2020-03-21T14:21:32Z</time></trkpt><trkpt lat="48.520668" lon="-121.241144"><ele>713.65185546875</ele><time>2020-03-21T14:21:36Z</time></trkpt><trkpt lat="48.520685" lon="-121.241085"><ele>715.24365234375</ele><time>2020-03-21T14:21:39Z</time></trkpt><trkpt lat="48.520777" lon="-121.241029"><ele>717.0194091796875</ele><time>2020-03-21T14:21:46Z</time></trkpt><trkpt lat="48.520787" lon="-121.241019"><ele>717.4351806640625</ele><time>2020-03-21T14:21:47Z</time></trkpt><trkpt lat="48.520823" lon="-121.240946"><ele>718.62353515625</ele><time>2020-03-21T14:21:52Z</time></trkpt><trkpt lat="48.520855" lon="-121.240926"><ele>719.239990234375</ele><time>2020-03-21T14:21:55Z</time></trkpt><trkpt lat="48.52089" lon="-121.240876"><ele>718.613037109375</ele><time>2020-03-21T14:22:00Z</time></trkpt><trkpt lat="48.520917" lon="-121.240859"><ele>720.25244140625</ele><time>2020-03-21T14:22:05Z</time></trkpt><trkpt lat="48.520924" lon="-121.240863"><ele>719.60302734375</ele><time>2020-03-21T14:22:06Z</time></trkpt><trkpt lat="48.52093" lon="-121.240868"><ele>719.9903564453125</ele><time>2020-03-21T14:22:07Z</time></trkpt><trkpt lat="48.52094" lon="-121.240844"><ele>724.643310546875</ele><time>2020-03-21T14:22:09Z</time></trkpt><trkpt lat="48.520936" lon="-121.240739"><ele>725.3975830078125</ele><time>2020-03-21T14:22:14Z</time></trkpt><trkpt lat="48.520918" lon="-121.240686"><ele>727.277587890625</ele><time>2020-03-21T14:22:17Z</time></trkpt><trkpt lat="48.520935" lon="-121.240663"><ele>724.1756591796875</ele><time>2020-03-21T14:22:18Z</time></trkpt><trkpt lat="48.520949" lon="-121.240675"><ele>721.5274658203125</ele><time>2020-03-21T14:22:20Z</time></trkpt><trkpt lat="48.520953" lon="-121.240675"><ele>721.76123046875</ele><time>2020-03-21T14:22:21Z</time></trkpt><trkpt lat="48.520955" lon="-121.240628"><ele>722.1236572265625</ele><time>2020-03-21T14:22:24Z</time></trkpt><trkpt lat="48.520982" lon="-121.240569"><ele>724.542724609375</ele><time>2020-03-21T14:22:44Z</time></trkpt><trkpt lat="48.520967" lon="-121.240457"><ele>723.9892578125</ele><time>2020-03-21T14:22:49Z</time></trkpt><trkpt lat="48.520963" lon="-121.240432"><ele>722.4027099609375</ele><time>2020-03-21T14:22:50Z</time></trkpt><trkpt lat="48.520961" lon="-121.240386"><ele>722.219970703125</ele><time>2020-03-21T14:22:52Z</time></trkpt><trkpt lat="48.520979" lon="-121.240304"><ele>725.240234375</ele><time>2020-03-21T14:22:55Z</time></trkpt><trkpt lat="48.520973" lon="-121.240196"><ele>728.799560546875</ele><time>2020-03-21T14:23:00Z</time></trkpt><trkpt lat="48.520974" lon="-121.240173"><ele>729.7642822265625</ele><time>2020-03-21T14:23:01Z</time></trkpt><trkpt lat="48.520962" lon="-121.240006"><ele>723.887939453125</ele><time>2020-03-21T14:23:12Z</time></trkpt><trkpt lat="48.520991" lon="-121.239904"><ele>722.64990234375</ele><time>2020-03-21T14:23:24Z</time></trkpt><trkpt lat="48.520993" lon="-121.239882"><ele>722.0498046875</ele><time>2020-03-21T14:23:25Z</time></trkpt><trkpt lat="48.52098" lon="-121.239728"><ele>715.1734619140625</ele><time>2020-03-21T14:23:32Z</time></trkpt><trkpt lat="48.520962" lon="-121.239662"><ele>710.827880859375</ele><time>2020-03-21T14:23:35Z</time></trkpt><trkpt lat="48.520955" lon="-121.239647"><ele>708.6220703125</ele><time>2020-03-21T14:23:36Z</time></trkpt><trkpt lat="48.520934" lon="-121.239537"><ele>709.7457275390625</ele><time>2020-03-21T14:23:41Z</time></trkpt><trkpt lat="48.520961" lon="-121.239431"><ele>711.7410888671875</ele><time>2020-03-21T14:23:45Z</time></trkpt><trkpt lat="48.520965" lon="-121.239412"><ele>712.248291015625</ele><time>2020-03-21T14:23:46Z</time></trkpt><trkpt lat="48.520937" lon="-121.239284"><ele>711.25341796875</ele><time>2020-03-21T14:23:53Z</time></trkpt><trkpt lat="48.520932" lon="-121.239249"><ele>712.356689453125</ele><time>2020-03-21T14:23:56Z</time></trkpt><trkpt lat="48.520941" lon="-121.239213"><ele>714.8916015625</ele><time>2020-03-21T14:23:59Z</time></trkpt><trkpt lat="48.520931" lon="-121.239162"><ele>712.39697265625</ele><time>2020-03-21T14:24:03Z</time></trkpt><trkpt lat="48.520924" lon="-121.239149"><ele>711.3651123046875</ele><time>2020-03-21T14:24:04Z</time></trkpt><trkpt lat="48.520906" lon="-121.239008"><ele>705.7391357421875</ele><time>2020-03-21T14:24:12Z</time></trkpt><trkpt lat="48.520949" lon="-121.238903"><ele>704.935546875</ele><time>2020-03-21T14:24:18Z</time></trkpt><trkpt lat="48.520956" lon="-121.238886"><ele>704.947998046875</ele><time>2020-03-21T14:24:20Z</time></trkpt><trkpt lat="48.520967" lon="-121.23881"><ele>704.779052734375</ele><time>2020-03-21T14:24:24Z</time></trkpt><trkpt lat="48.520968" lon="-121.238625"><ele>708.596923828125</ele><time>2020-03-21T14:24:35Z</time></trkpt><trkpt lat="48.520964" lon="-121.238598"><ele>708.627197265625</ele><time>2020-03-21T14:24:36Z</time></trkpt><trkpt lat="48.520957" lon="-121.238536"><ele>711.2178955078125</ele><time>2020-03-21T14:24:39Z</time></trkpt><trkpt lat="48.520962" lon="-121.238499"><ele>713.3740234375</ele><time>2020-03-21T14:24:42Z</time></trkpt><trkpt lat="48.521022" lon="-121.238369"><ele>719.103759765625</ele><time>2020-03-21T14:24:51Z</time></trkpt><trkpt lat="48.521022" lon="-121.238347"><ele>718.09423828125</ele><time>2020-03-21T14:24:52Z</time></trkpt><trkpt lat="48.521005" lon="-121.238272"><ele>720.1044921875</ele><time>2020-03-21T14:24:56Z</time></trkpt><trkpt lat="48.521021" lon="-121.238189"><ele>720.697265625</ele><time>2020-03-21T14:25:02Z</time></trkpt><trkpt lat="48.521004" lon="-121.238107"><ele>722.634765625</ele><time>2020-03-21T14:25:07Z</time></trkpt><trkpt lat="48.521002" lon="-121.238089"><ele>723.342041015625</ele><time>2020-03-21T14:25:08Z</time></trkpt><trkpt lat="48.521006" lon="-121.238014"><ele>724.61669921875</ele><time>2020-03-21T14:25:11Z</time></trkpt><trkpt lat="48.521023" lon="-121.237952"><ele>726.5936279296875</ele><time>2020-03-21T14:25:13Z</time></trkpt><trkpt lat="48.521001" lon="-121.237844"><ele>725.777099609375</ele><time>2020-03-21T14:25:20Z</time></trkpt><trkpt lat="48.521002" lon="-121.237828"><ele>724.59326171875</ele><time>2020-03-21T14:25:21Z</time></trkpt><trkpt lat="48.521007" lon="-121.237793"><ele>723.896728515625</ele><time>2020-03-21T14:25:23Z</time></trkpt><trkpt lat="48.520991" lon="-121.237731"><ele>724.597900390625</ele><time>2020-03-21T14:25:26Z</time></trkpt><trkpt lat="48.520981" lon="-121.237603"><ele>726.427490234375</ele><time>2020-03-21T14:25:32Z</time></trkpt><trkpt lat="48.52098" lon="-121.237581"><ele>726.0223388671875</ele><time>2020-03-21T14:25:33Z</time></trkpt><trkpt lat="48.521008" lon="-121.237422"><ele>724.44970703125</ele><time>2020-03-21T14:25:41Z</time></trkpt><trkpt lat="48.520996" lon="-121.23734"><ele>724.124267578125</ele><time>2020-03-21T14:25:46Z</time></trkpt><trkpt lat="48.520994" lon="-121.237327"><ele>723.98583984375</ele><time>2020-03-21T14:25:47Z</time></trkpt><trkpt lat="48.521" lon="-121.237168"><ele>723.234130859375</ele><time>2020-03-21T14:25:55Z</time></trkpt><trkpt lat="48.520992" lon="-121.237079"><ele>722.8599853515625</ele><time>2020-03-21T14:26:00Z</time></trkpt><trkpt lat="48.520995" lon="-121.237058"><ele>722.82763671875</ele><time>2020-03-21T14:26:01Z</time></trkpt><trkpt lat="48.520999" lon="-121.237041"><ele>723.4404296875</ele><time>2020-03-21T14:26:02Z</time></trkpt><trkpt lat="48.520973" lon="-121.236984"><ele>722.423583984375</ele><time>2020-03-21T14:26:14Z</time></trkpt><trkpt lat="48.521016" lon="-121.236814"><ele>722.186279296875</ele><time>2020-03-21T14:26:25Z</time></trkpt><trkpt lat="48.521022" lon="-121.236791"><ele>723.5650634765625</ele><time>2020-03-21T14:26:26Z</time></trkpt><trkpt lat="48.521026" lon="-121.236685"><ele>729.170654296875</ele><time>2020-03-21T14:26:31Z</time></trkpt><trkpt lat="48.521007" lon="-121.23664"><ele>728.9197998046875</ele><time>2020-03-21T14:26:34Z</time></trkpt><trkpt lat="48.520985" lon="-121.236615"><ele>729.770751953125</ele><time>2020-03-21T14:26:35Z</time></trkpt><trkpt lat="48.520971" lon="-121.236568"><ele>729.6136474609375</ele><time>2020-03-21T14:26:37Z</time></trkpt><trkpt lat="48.520967" lon="-121.236549"><ele>730.177734375</ele><time>2020-03-21T14:26:38Z</time></trkpt><trkpt lat="48.520962" lon="-121.236466"><ele>731.478271484375</ele><time>2020-03-21T14:26:43Z</time></trkpt><trkpt lat="48.520945" lon="-121.236398"><ele>733.6011962890625</ele><time>2020-03-21T14:26:47Z</time></trkpt><trkpt lat="48.520951" lon="-121.236361"><ele>734.5654296875</ele><time>2020-03-21T14:26:49Z</time></trkpt><trkpt lat="48.520986" lon="-121.236299"><ele>733.9420166015625</ele><time>2020-03-21T14:26:54Z</time></trkpt><trkpt lat="48.52099" lon="-121.236289"><ele>735.39697265625</ele><time>2020-03-21T14:26:55Z</time></trkpt><trkpt lat="48.520992" lon="-121.236229"><ele>740.16357421875</ele><time>2020-03-21T14:29:28Z</time></trkpt><trkpt lat="48.521048" lon="-121.236164"><ele>737.04296875</ele><time>2020-03-21T14:29:34Z</time></trkpt><trkpt lat="48.521042" lon="-121.236048"><ele>738.186279296875</ele><time>2020-03-21T14:29:39Z</time></trkpt><trkpt lat="48.521044" lon="-121.236032"><ele>738.569580078125</ele><time>2020-03-21T14:29:40Z</time></trkpt><trkpt lat="48.521082" lon="-121.235971"><ele>742.273193359375</ele><time>2020-03-21T14:29:44Z</time></trkpt><trkpt lat="48.521059" lon="-121.235835"><ele>748.216552734375</ele><time>2020-03-21T14:29:53Z</time></trkpt><trkpt lat="48.521048" lon="-121.235824"><ele>746.60693359375</ele><time>2020-03-21T14:29:54Z</time></trkpt><trkpt lat="48.521009" lon="-121.235806"><ele>747.572509765625</ele><time>2020-03-21T14:29:57Z</time></trkpt><trkpt lat="48.520977" lon="-121.235745"><ele>744.77294921875</ele><time>2020-03-21T14:30:00Z</time></trkpt><trkpt lat="48.52093" lon="-121.235705"><ele>735.51708984375</ele><time>2020-03-21T14:30:09Z</time></trkpt><trkpt lat="48.520927" lon="-121.235702"><ele>734.631103515625</ele><time>2020-03-21T14:30:10Z</time></trkpt><trkpt lat="48.52086" lon="-121.235661"><ele>734.334228515625</ele><time>2020-03-21T14:30:35Z</time></trkpt><trkpt lat="48.52076" lon="-121.23569"><ele>734.532470703125</ele><time>2020-03-21T14:30:42Z</time></trkpt><trkpt lat="48.520736" lon="-121.235679"><ele>734.440673828125</ele><time>2020-03-21T14:30:45Z</time></trkpt><trkpt lat="48.520708" lon="-121.235627"><ele>733.251708984375</ele><time>2020-03-21T14:30:50Z</time></trkpt><trkpt lat="48.520696" lon="-121.235634"><ele>734.7557373046875</ele><time>2020-03-21T14:30:51Z</time></trkpt><trkpt lat="48.520681" lon="-121.235646"><ele>735.256103515625</ele><time>2020-03-21T14:30:52Z</time></trkpt><trkpt lat="48.520645" lon="-121.23566"><ele>734.2418212890625</ele><time>2020-03-21T14:30:55Z</time></trkpt><trkpt lat="48.520623" lon="-121.23564"><ele>735.699462890625</ele><time>2020-03-21T14:30:58Z</time></trkpt><trkpt lat="48.520603" lon="-121.235584"><ele>735.1456298828125</ele><time>2020-03-21T14:31:02Z</time></trkpt><trkpt lat="48.520541" lon="-121.235594"><ele>736.975341796875</ele><time>2020-03-21T14:31:06Z</time></trkpt><trkpt lat="48.520533" lon="-121.235586"><ele>738.384765625</ele><time>2020-03-21T14:31:07Z</time></trkpt><trkpt lat="48.520508" lon="-121.235569"><ele>739.628662109375</ele><time>2020-03-21T14:31:09Z</time></trkpt><trkpt lat="48.520435" lon="-121.235622"><ele>740.881591796875</ele><time>2020-03-21T14:31:13Z</time></trkpt><trkpt lat="48.520383" lon="-121.235623"><ele>742.5631103515625</ele><time>2020-03-21T14:31:21Z</time></trkpt><trkpt lat="48.520366" lon="-121.235632"><ele>742.381103515625</ele><time>2020-03-21T14:31:22Z</time></trkpt><trkpt lat="48.520311" lon="-121.235667"><ele>741.475830078125</ele><time>2020-03-21T14:31:25Z</time></trkpt><trkpt lat="48.520267" lon="-121.235594"><ele>744.61328125</ele><time>2020-03-21T14:31:31Z</time></trkpt><trkpt lat="48.520243" lon="-121.235587"><ele>744.572265625</ele><time>2020-03-21T14:31:34Z</time></trkpt><trkpt lat="48.520212" lon="-121.235601"><ele>744.9671630859375</ele><time>2020-03-21T14:31:36Z</time></trkpt><trkpt lat="48.520191" lon="-121.235611"><ele>745.96875</ele><time>2020-03-21T14:31:37Z</time></trkpt><trkpt lat="48.520132" lon="-121.235629"><ele>746.287841796875</ele><time>2020-03-21T14:31:41Z</time></trkpt><trkpt lat="48.520102" lon="-121.235655"><ele>746.6138916015625</ele><time>2020-03-21T14:31:43Z</time></trkpt><trkpt lat="48.520067" lon="-121.235638"><ele>742.6719970703125</ele><time>2020-03-21T14:31:49Z</time></trkpt><trkpt lat="48.520058" lon="-121.235621"><ele>742.336181640625</ele><time>2020-03-21T14:31:50Z</time></trkpt><trkpt lat="48.52005" lon="-121.235603"><ele>742.985595703125</ele><time>2020-03-21T14:31:51Z</time></trkpt><trkpt lat="48.520018" lon="-121.235587"><ele>744.374755859375</ele><time>2020-03-21T14:31:54Z</time></trkpt><trkpt lat="48.519997" lon="-121.235594"><ele>744.335205078125</ele><time>2020-03-21T14:31:56Z</time></trkpt><trkpt lat="48.519964" lon="-121.235584"><ele>745.486083984375</ele><time>2020-03-21T14:31:58Z</time></trkpt><trkpt lat="48.519942" lon="-121.235591"><ele>746.226318359375</ele><time>2020-03-21T14:32:00Z</time></trkpt><trkpt lat="48.519884" lon="-121.235643"><ele>748.263916015625</ele><time>2020-03-21T14:32:03Z</time></trkpt><trkpt lat="48.519867" lon="-121.235657"><ele>747.41748046875</ele><time>2020-03-21T14:32:04Z</time></trkpt><trkpt lat="48.51983" lon="-121.23568"><ele>747.440673828125</ele><time>2020-03-21T14:32:07Z</time></trkpt><trkpt lat="48.519799" lon="-121.235681"><ele>748.2548828125</ele><time>2020-03-21T14:32:09Z</time></trkpt><trkpt lat="48.519783" lon="-121.23567"><ele>747.362548828125</ele><time>2020-03-21T14:32:12Z</time></trkpt><trkpt lat="48.519743" lon="-121.235712"><ele>745.400146484375</ele><time>2020-03-21T14:32:14Z</time></trkpt><trkpt lat="48.51972" lon="-121.235691"><ele>744.49462890625</ele><time>2020-03-21T14:32:16Z</time></trkpt><trkpt lat="48.519723" lon="-121.235668"><ele>745.593994140625</ele><time>2020-03-21T14:32:17Z</time></trkpt><trkpt lat="48.519717" lon="-121.23559"><ele>746.692626953125</ele><time>2020-03-21T14:32:20Z</time></trkpt><trkpt lat="48.519707" lon="-121.235569"><ele>748.044189453125</ele><time>2020-03-21T14:32:21Z</time></trkpt><trkpt lat="48.519666" lon="-121.235572"><ele>743.875732421875</ele><time>2020-03-21T14:32:25Z</time></trkpt><trkpt lat="48.519596" lon="-121.235583"><ele>742.0693359375</ele><time>2020-03-21T14:32:29Z</time></trkpt><trkpt lat="48.519553" lon="-121.235608"><ele>745.09375</ele><time>2020-03-21T14:32:31Z</time></trkpt><trkpt lat="48.519505" lon="-121.235614"><ele>748.334228515625</ele><time>2020-03-21T14:32:34Z</time></trkpt><trkpt lat="48.519436" lon="-121.235646"><ele>749.84765625</ele><time>2020-03-21T14:32:39Z</time></trkpt><trkpt lat="48.519432" lon="-121.235626"><ele>749.240234375</ele><time>2020-03-21T14:32:40Z</time></trkpt><trkpt lat="48.519432" lon="-121.235599"><ele>748.29638671875</ele><time>2020-03-21T14:32:41Z</time></trkpt><trkpt lat="48.519431" lon="-121.235539"><ele>747.45654296875</ele><time>2020-03-21T14:32:44Z</time></trkpt><trkpt lat="48.519388" lon="-121.235541"><ele>746.489990234375</ele><time>2020-03-21T14:32:49Z</time></trkpt><trkpt lat="48.519341" lon="-121.235574"><ele>747.373779296875</ele><time>2020-03-21T14:32:52Z</time></trkpt><trkpt lat="48.519321" lon="-121.235564"><ele>746.90380859375</ele><time>2020-03-21T14:32:55Z</time></trkpt><trkpt lat="48.519315" lon="-121.235548"><ele>748.6533203125</ele><time>2020-03-21T14:32:56Z</time></trkpt><trkpt lat="48.519306" lon="-121.235533"><ele>749.563232421875</ele><time>2020-03-21T14:32:57Z</time></trkpt><trkpt lat="48.519265" lon="-121.235488"><ele>750.061279296875</ele><time>2020-03-21T14:33:02Z</time></trkpt><trkpt lat="48.519244" lon="-121.235478"><ele>748.69775390625</ele><time>2020-03-21T14:33:04Z</time></trkpt><trkpt lat="48.519189" lon="-121.235487"><ele>748.75634765625</ele><time>2020-03-21T14:33:08Z</time></trkpt><trkpt lat="48.519158" lon="-121.23547"><ele>746.1724853515625</ele><time>2020-03-21T14:33:11Z</time></trkpt><trkpt lat="48.519146" lon="-121.235463"><ele>746.6363525390625</ele><time>2020-03-21T14:33:12Z</time></trkpt><trkpt lat="48.519134" lon="-121.235451"><ele>744.5738525390625</ele><time>2020-03-21T14:33:13Z</time></trkpt><trkpt lat="48.519108" lon="-121.235448"><ele>743.9849853515625</ele><time>2020-03-21T14:33:15Z</time></trkpt><trkpt lat="48.519077" lon="-121.235459"><ele>744.494873046875</ele><time>2020-03-21T14:33:17Z</time></trkpt><trkpt lat="48.519033" lon="-121.235448"><ele>744.4697265625</ele><time>2020-03-21T14:33:20Z</time></trkpt><trkpt lat="48.518988" lon="-121.235455"><ele>746.6455078125</ele><time>2020-03-21T14:33:23Z</time></trkpt><trkpt lat="48.518978" lon="-121.235454"><ele>746.4149169921875</ele><time>2020-03-21T14:33:24Z</time></trkpt><trkpt lat="48.518933" lon="-121.235281"><ele>740.4892578125</ele><time>2020-03-21T14:33:34Z</time></trkpt><trkpt lat="48.518931" lon="-121.23523"><ele>740.2579345703125</ele><time>2020-03-21T14:33:36Z</time></trkpt><trkpt lat="48.518929" lon="-121.235207"><ele>740.158447265625</ele><time>2020-03-21T14:33:37Z</time></trkpt><trkpt lat="48.518907" lon="-121.235141"><ele>740.432373046875</ele><time>2020-03-21T14:33:40Z</time></trkpt><trkpt lat="48.518892" lon="-121.235045"><ele>743.14453125</ele><time>2020-03-21T14:33:46Z</time></trkpt><trkpt lat="48.518854" lon="-121.235009"><ele>744.21533203125</ele><time>2020-03-21T14:33:50Z</time></trkpt><trkpt lat="48.518839" lon="-121.235005"><ele>744.9483642578125</ele><time>2020-03-21T14:33:51Z</time></trkpt><trkpt lat="48.518794" lon="-121.234989"><ele>747.516357421875</ele><time>2020-03-21T14:33:54Z</time></trkpt><trkpt lat="48.518729" lon="-121.234903"><ele>748.119140625</ele><time>2020-03-21T14:34:01Z</time></trkpt><trkpt lat="48.518713" lon="-121.234864"><ele>748.897705078125</ele><time>2020-03-21T14:34:04Z</time></trkpt><trkpt lat="48.518706" lon="-121.234854"><ele>747.5341796875</ele><time>2020-03-21T14:34:05Z</time></trkpt><trkpt lat="48.518654" lon="-121.234798"><ele>745.992919921875</ele><time>2020-03-21T14:34:11Z</time></trkpt><trkpt lat="48.518605" lon="-121.234797"><ele>746.5289306640625</ele><time>2020-03-21T14:34:14Z</time></trkpt><trkpt lat="48.518581" lon="-121.234769"><ele>748.0972900390625</ele><time>2020-03-21T14:34:17Z</time></trkpt><trkpt lat="48.518566" lon="-121.234762"><ele>748.22802734375</ele><time>2020-03-21T14:34:18Z</time></trkpt><trkpt lat="48.51855" lon="-121.23473"><ele>749.581298828125</ele><time>2020-03-21T14:34:21Z</time></trkpt><trkpt lat="48.51854" lon="-121.234643"><ele>749.8726806640625</ele><time>2020-03-21T14:34:25Z</time></trkpt><trkpt lat="48.518478" lon="-121.234582"><ele>747.410400390625</ele><time>2020-03-21T14:34:31Z</time></trkpt><trkpt lat="48.518471" lon="-121.234572"><ele>747.3328857421875</ele><time>2020-03-21T14:34:32Z</time></trkpt><trkpt lat="48.518427" lon="-121.234514"><ele>745.13671875</ele><time>2020-03-21T14:34:38Z</time></trkpt><trkpt lat="48.518391" lon="-121.234408"><ele>744.987548828125</ele><time>2020-03-21T14:34:43Z</time></trkpt><trkpt lat="48.518356" lon="-121.234399"><ele>745.0606689453125</ele><time>2020-03-21T14:34:46Z</time></trkpt><trkpt lat="48.518345" lon="-121.234398"><ele>746.9281005859375</ele><time>2020-03-21T14:34:47Z</time></trkpt><trkpt lat="48.518263" lon="-121.234414"><ele>750.864501953125</ele><time>2020-03-21T14:34:53Z</time></trkpt><trkpt lat="48.518202" lon="-121.23437"><ele>752.7198486328125</ele><time>2020-03-21T14:34:59Z</time></trkpt><trkpt lat="48.518216" lon="-121.234269"><ele>754.7265625</ele><time>2020-03-21T14:35:03Z</time></trkpt><trkpt lat="48.518206" lon="-121.234263"><ele>754.83544921875</ele><time>2020-03-21T14:35:04Z</time></trkpt><trkpt lat="48.518196" lon="-121.234261"><ele>756.395263671875</ele><time>2020-03-21T14:35:05Z</time></trkpt><trkpt lat="48.518183" lon="-121.234235"><ele>755.72265625</ele><time>2020-03-21T14:35:07Z</time></trkpt><trkpt lat="48.518162" lon="-121.234157"><ele>754.78076171875</ele><time>2020-03-21T14:35:11Z</time></trkpt><trkpt lat="48.518123" lon="-121.23413"><ele>752.05029296875</ele><time>2020-03-21T14:35:14Z</time></trkpt><trkpt lat="48.51811" lon="-121.234128"><ele>752.289794921875</ele><time>2020-03-21T14:35:15Z</time></trkpt><trkpt lat="48.5179" lon="-121.234249"><ele>750.1474609375</ele><time>2020-03-21T14:35:25Z</time></trkpt><trkpt lat="48.517828" lon="-121.23419"><ele>748.78369140625</ele><time>2020-03-21T14:35:33Z</time></trkpt><trkpt lat="48.517824" lon="-121.234161"><ele>748.93701171875</ele><time>2020-03-21T14:35:34Z</time></trkpt><trkpt lat="48.517778" lon="-121.234091"><ele>752.1026611328125</ele><time>2020-03-21T14:35:39Z</time></trkpt><trkpt lat="48.517773" lon="-121.234079"><ele>751.320068359375</ele><time>2020-03-21T14:35:40Z</time></trkpt><trkpt lat="48.517748" lon="-121.234052"><ele>754.2596435546875</ele><time>2020-03-21T14:35:44Z</time></trkpt><trkpt lat="48.517713" lon="-121.234087"><ele>758.23486328125</ele><time>2020-03-21T14:35:47Z</time></trkpt><trkpt lat="48.517672" lon="-121.23421"><ele>754.9921875</ele><time>2020-03-21T14:36:09Z</time></trkpt><trkpt lat="48.517671" lon="-121.234232"><ele>754.995849609375</ele><time>2020-03-21T14:36:10Z</time></trkpt><trkpt lat="48.517683" lon="-121.234381"><ele>760.1451416015625</ele><time>2020-03-21T14:36:16Z</time></trkpt><trkpt lat="48.51766" lon="-121.234503"><ele>759.3282470703125</ele><time>2020-03-21T14:36:21Z</time></trkpt><trkpt lat="48.51765" lon="-121.234536"><ele>758.500244140625</ele><time>2020-03-21T14:36:22Z</time></trkpt><trkpt lat="48.517639" lon="-121.234598"><ele>758.12646484375</ele><time>2020-03-21T14:36:25Z</time></trkpt><trkpt lat="48.517701" lon="-121.234766"><ele>758.400634765625</ele><time>2020-03-21T14:36:36Z</time></trkpt><trkpt lat="48.517704" lon="-121.234777"><ele>758.442138671875</ele><time>2020-03-21T14:36:37Z</time></trkpt><trkpt lat="48.51773" lon="-121.234852"><ele>757.4373779296875</ele><time>2020-03-21T14:36:42Z</time></trkpt><trkpt lat="48.517723" lon="-121.234941"><ele>758.38525390625</ele><time>2020-03-21T14:36:48Z</time></trkpt><trkpt lat="48.517756" lon="-121.234972"><ele>763.51171875</ele><time>2020-03-21T14:36:52Z</time></trkpt><trkpt lat="48.517768" lon="-121.234982"><ele>765.5185546875</ele><time>2020-03-21T14:36:53Z</time></trkpt><trkpt lat="48.517765" lon="-121.235026"><ele>764.33203125</ele><time>2020-03-21T14:36:56Z</time></trkpt><trkpt lat="48.517739" lon="-121.235076"><ele>764.6910400390625</ele><time>2020-03-21T14:37:00Z</time></trkpt><trkpt lat="48.517732" lon="-121.235197"><ele>767.202880859375</ele><time>2020-03-21T14:37:05Z</time></trkpt><trkpt lat="48.517729" lon="-121.235218"><ele>768.4112548828125</ele><time>2020-03-21T14:37:06Z</time></trkpt><trkpt lat="48.517703" lon="-121.235322"><ele>768.3780517578125</ele><time>2020-03-21T14:37:13Z</time></trkpt><trkpt lat="48.517709" lon="-121.23539"><ele>772.240966796875</ele><time>2020-03-21T14:37:50Z</time></trkpt><trkpt lat="48.5177" lon="-121.235453"><ele>772.13671875</ele><time>2020-03-21T14:37:54Z</time></trkpt><trkpt lat="48.517708" lon="-121.235477"><ele>770.88037109375</ele><time>2020-03-21T14:37:55Z</time></trkpt><trkpt lat="48.517716" lon="-121.235494"><ele>771.94482421875</ele><time>2020-03-21T14:37:56Z</time></trkpt><trkpt lat="48.517661" lon="-121.23557"><ele>764.4287109375</ele><time>2020-03-21T14:38:04Z</time></trkpt><trkpt lat="48.517622" lon="-121.235663"><ele>766.798828125</ele><time>2020-03-21T14:38:08Z</time></trkpt><trkpt lat="48.517607" lon="-121.235685"><ele>765.9879150390625</ele><time>2020-03-21T14:38:09Z</time></trkpt><trkpt lat="48.517576" lon="-121.235765"><ele>770.250732421875</ele><time>2020-03-21T14:38:14Z</time></trkpt><trkpt lat="48.517569" lon="-121.235841"><ele>767.6068115234375</ele><time>2020-03-21T14:38:17Z</time></trkpt><trkpt lat="48.517525" lon="-121.23591"><ele>769.7421875</ele><time>2020-03-21T14:38:22Z</time></trkpt><trkpt lat="48.517527" lon="-121.235919"><ele>770.28857421875</ele><time>2020-03-21T14:38:23Z</time></trkpt><trkpt lat="48.51752" lon="-121.235997"><ele>766.57861328125</ele><time>2020-03-21T14:38:28Z</time></trkpt><trkpt lat="48.517452" lon="-121.236076"><ele>767.400634765625</ele><time>2020-03-21T14:38:33Z</time></trkpt><trkpt lat="48.517447" lon="-121.23613"><ele>771.83154296875</ele><time>2020-03-21T14:38:36Z</time></trkpt><trkpt lat="48.517448" lon="-121.236149"><ele>773.1566162109375</ele><time>2020-03-21T14:38:37Z</time></trkpt><trkpt lat="48.517465" lon="-121.236197"><ele>776.2042236328125</ele><time>2020-03-21T14:38:41Z</time></trkpt><trkpt lat="48.517461" lon="-121.236232"><ele>777.91064453125</ele><time>2020-03-21T14:38:43Z</time></trkpt><trkpt lat="48.517446" lon="-121.236312"><ele>777.7672119140625</ele><time>2020-03-21T14:38:48Z</time></trkpt><trkpt lat="48.517418" lon="-121.236376"><ele>777.98291015625</ele><time>2020-03-21T14:38:51Z</time></trkpt><trkpt lat="48.517413" lon="-121.236391"><ele>778.0806884765625</ele><time>2020-03-21T14:38:52Z</time></trkpt><trkpt lat="48.517379" lon="-121.236454"><ele>775.9794921875</ele><time>2020-03-21T14:38:56Z</time></trkpt><trkpt lat="48.517353" lon="-121.236534"><ele>778.8726806640625</ele><time>2020-03-21T14:39:00Z</time></trkpt><trkpt lat="48.51731" lon="-121.236594"><ele>782.100830078125</ele><time>2020-03-21T14:39:05Z</time></trkpt><trkpt lat="48.517306" lon="-121.236608"><ele>783.17529296875</ele><time>2020-03-21T14:39:06Z</time></trkpt><trkpt lat="48.517321" lon="-121.236722"><ele>778.0068359375</ele><time>2020-03-21T14:39:12Z</time></trkpt><trkpt lat="48.517341" lon="-121.236772"><ele>778.170654296875</ele><time>2020-03-21T14:39:16Z</time></trkpt><trkpt lat="48.517314" lon="-121.236845"><ele>777.7425537109375</ele><time>2020-03-21T14:39:21Z</time></trkpt><trkpt lat="48.517306" lon="-121.236862"><ele>779.20849609375</ele><time>2020-03-21T14:39:22Z</time></trkpt><trkpt lat="48.517271" lon="-121.236966"><ele>778.40673828125</ele><time>2020-03-21T14:39:27Z</time></trkpt><trkpt lat="48.517271" lon="-121.237039"><ele>779.942138671875</ele><time>2020-03-21T14:39:31Z</time></trkpt><trkpt lat="48.517291" lon="-121.237111"><ele>779.36572265625</ele><time>2020-03-21T14:39:37Z</time></trkpt><trkpt lat="48.517292" lon="-121.237124"><ele>778.792236328125</ele><time>2020-03-21T14:39:38Z</time></trkpt><trkpt lat="48.517305" lon="-121.237158"><ele>780.691650390625</ele><time>2020-03-21T14:39:41Z</time></trkpt><trkpt lat="48.51731" lon="-121.237224"><ele>784.158447265625</ele><time>2020-03-21T14:39:47Z</time></trkpt><trkpt lat="48.517292" lon="-121.237246"><ele>784.253173828125</ele><time>2020-03-21T14:39:49Z</time></trkpt><trkpt lat="48.517298" lon="-121.237299"><ele>784.564208984375</ele><time>2020-03-21T14:39:52Z</time></trkpt><trkpt lat="48.517285" lon="-121.237344"><ele>783.405029296875</ele><time>2020-03-21T14:39:54Z</time></trkpt><trkpt lat="48.51728" lon="-121.237362"><ele>782.2265625</ele><time>2020-03-21T14:39:55Z</time></trkpt><trkpt lat="48.51727" lon="-121.237447"><ele>782.3482666015625</ele><time>2020-03-21T14:40:00Z</time></trkpt><trkpt lat="48.517252" lon="-121.237507"><ele>779.5146484375</ele><time>2020-03-21T14:40:03Z</time></trkpt><trkpt lat="48.517205" lon="-121.237571"><ele>779.2601318359375</ele><time>2020-03-21T14:40:09Z</time></trkpt><trkpt lat="48.517204" lon="-121.237585"><ele>780.9110107421875</ele><time>2020-03-21T14:40:10Z</time></trkpt><trkpt lat="48.517181" lon="-121.237736"><ele>784.9056396484375</ele><time>2020-03-21T14:40:22Z</time></trkpt><trkpt lat="48.51715" lon="-121.237804"><ele>787.72021484375</ele><time>2020-03-21T14:40:28Z</time></trkpt><trkpt lat="48.517143" lon="-121.237815"><ele>787.53662109375</ele><time>2020-03-21T14:40:29Z</time></trkpt><trkpt lat="48.517112" lon="-121.237889"><ele>790.3843994140625</ele><time>2020-03-21T14:40:39Z</time></trkpt><trkpt lat="48.517041" lon="-121.238009"><ele>788.801025390625</ele><time>2020-03-21T14:40:58Z</time></trkpt><trkpt lat="48.517031" lon="-121.238027"><ele>788.23974609375</ele><time>2020-03-21T14:40:59Z</time></trkpt><trkpt lat="48.517013" lon="-121.238078"><ele>785.091064453125</ele><time>2020-03-21T14:41:01Z</time></trkpt><trkpt lat="48.516992" lon="-121.238103"><ele>784.9228515625</ele><time>2020-03-21T14:41:02Z</time></trkpt><trkpt lat="48.516944" lon="-121.23813"><ele>783.84423828125</ele><time>2020-03-21T14:41:12Z</time></trkpt><trkpt lat="48.51693" lon="-121.238164"><ele>784.37890625</ele><time>2020-03-21T14:41:44Z</time></trkpt><trkpt lat="48.516882" lon="-121.238208"><ele>787.856689453125</ele><time>2020-03-21T14:41:48Z</time></trkpt><trkpt lat="48.516866" lon="-121.238212"><ele>787.417236328125</ele><time>2020-03-21T14:41:49Z</time></trkpt><trkpt lat="48.516678" lon="-121.238421"><ele>796.074462890625</ele><time>2020-03-21T14:42:10Z</time></trkpt><trkpt lat="48.51667" lon="-121.23843"><ele>796.4613037109375</ele><time>2020-03-21T14:42:11Z</time></trkpt><trkpt lat="48.516579" lon="-121.238537"><ele>795.6734619140625</ele><time>2020-03-21T14:42:21Z</time></trkpt><trkpt lat="48.516509" lon="-121.238536"><ele>796.4212646484375</ele><time>2020-03-21T14:42:26Z</time></trkpt><trkpt lat="48.51645" lon="-121.23857"><ele>796.537109375</ele><time>2020-03-21T14:42:29Z</time></trkpt><trkpt lat="48.516434" lon="-121.238573"><ele>796.996337890625</ele><time>2020-03-21T14:42:30Z</time></trkpt><trkpt lat="48.516371" lon="-121.238599"><ele>800.258056640625</ele><time>2020-03-21T14:42:34Z</time></trkpt><trkpt lat="48.516346" lon="-121.238592"><ele>799.7708740234375</ele><time>2020-03-21T14:42:36Z</time></trkpt><trkpt lat="48.516309" lon="-121.238499"><ele>796.35888671875</ele><time>2020-03-21T14:42:42Z</time></trkpt><trkpt lat="48.516267" lon="-121.238483"><ele>797.146484375</ele><time>2020-03-21T14:42:45Z</time></trkpt><trkpt lat="48.516252" lon="-121.238482"><ele>797.76513671875</ele><time>2020-03-21T14:42:46Z</time></trkpt><trkpt lat="48.516147" lon="-121.238482"><ele>796.591552734375</ele><time>2020-03-21T14:42:53Z</time></trkpt><trkpt lat="48.516122" lon="-121.238469"><ele>801.2628173828125</ele><time>2020-03-21T14:42:56Z</time></trkpt><trkpt lat="48.516124" lon="-121.238413"><ele>802.9580078125</ele><time>2020-03-21T14:42:59Z</time></trkpt><trkpt lat="48.516123" lon="-121.238392"><ele>802.484619140625</ele><time>2020-03-21T14:43:00Z</time></trkpt><trkpt lat="48.516116" lon="-121.238301"><ele>798.812255859375</ele><time>2020-03-21T14:43:04Z</time></trkpt><trkpt lat="48.516129" lon="-121.238242"><ele>798.961181640625</ele><time>2020-03-21T14:43:07Z</time></trkpt><trkpt lat="48.516155" lon="-121.238182"><ele>803.890625</ele><time>2020-03-21T14:43:11Z</time></trkpt><trkpt lat="48.51619" lon="-121.238149"><ele>808.970458984375</ele><time>2020-03-21T14:43:14Z</time></trkpt><trkpt lat="48.5162" lon="-121.238136"><ele>810.2919921875</ele><time>2020-03-21T14:43:15Z</time></trkpt><trkpt lat="48.51621" lon="-121.238098"><ele>811.27880859375</ele><time>2020-03-21T14:43:17Z</time></trkpt><trkpt lat="48.516203" lon="-121.238031"><ele>808.6466064453125</ele><time>2020-03-21T14:43:20Z</time></trkpt><trkpt lat="48.516211" lon="-121.237995"><ele>809.9580078125</ele><time>2020-03-21T14:43:22Z</time></trkpt><trkpt lat="48.516253" lon="-121.237931"><ele>814.518798828125</ele><time>2020-03-21T14:43:27Z</time></trkpt><trkpt lat="48.516266" lon="-121.237913"><ele>815.980712890625</ele><time>2020-03-21T14:43:28Z</time></trkpt><trkpt lat="48.516291" lon="-121.237882"><ele>815.3853759765625</ele><time>2020-03-21T14:43:31Z</time></trkpt><trkpt lat="48.516336" lon="-121.237866"><ele>818.687255859375</ele><time>2020-03-21T14:43:36Z</time></trkpt><trkpt lat="48.516409" lon="-121.237797"><ele>824.51953125</ele><time>2020-03-21T14:43:43Z</time></trkpt><trkpt lat="48.516417" lon="-121.237791"><ele>825.71875</ele><time>2020-03-21T14:43:44Z</time></trkpt><trkpt lat="48.516438" lon="-121.237747"><ele>828.638427734375</ele><time>2020-03-21T14:43:47Z</time></trkpt><trkpt lat="48.516452" lon="-121.237571"><ele>833.859375</ele><time>2020-03-21T14:43:55Z</time></trkpt><trkpt lat="48.516452" lon="-121.237553"><ele>833.52490234375</ele><time>2020-03-21T14:43:56Z</time></trkpt><trkpt lat="48.516458" lon="-121.237507"><ele>831.8792724609375</ele><time>2020-03-21T14:43:59Z</time></trkpt><trkpt lat="48.516499" lon="-121.237437"><ele>834.53369140625</ele><time>2020-03-21T14:44:04Z</time></trkpt><trkpt lat="48.516498" lon="-121.237322"><ele>833.259765625</ele><time>2020-03-21T14:44:12Z</time></trkpt><trkpt lat="48.516495" lon="-121.237303"><ele>833.341064453125</ele><time>2020-03-21T14:44:13Z</time></trkpt><trkpt lat="48.516474" lon="-121.237212"><ele>828.29150390625</ele><time>2020-03-21T14:44:22Z</time></trkpt><trkpt lat="48.516503" lon="-121.237169"><ele>829.361572265625</ele><time>2020-03-21T14:44:26Z</time></trkpt><trkpt lat="48.516492" lon="-121.237135"><ele>828.9200439453125</ele><time>2020-03-21T14:44:59Z</time></trkpt><trkpt lat="48.516494" lon="-121.237092"><ele>827.2691650390625</ele><time>2020-03-21T14:45:03Z</time></trkpt><trkpt lat="48.516494" lon="-121.237081"><ele>826.6614990234375</ele><time>2020-03-21T14:45:04Z</time></trkpt><trkpt lat="48.516459" lon="-121.236978"><ele>825.58203125</ele><time>2020-03-21T14:45:12Z</time></trkpt><trkpt lat="48.516424" lon="-121.236942"><ele>822.67578125</ele><time>2020-03-21T14:45:16Z</time></trkpt><trkpt lat="48.516401" lon="-121.236881"><ele>821.26220703125</ele><time>2020-03-21T14:45:21Z</time></trkpt><trkpt lat="48.516394" lon="-121.236867"><ele>821.520263671875</ele><time>2020-03-21T14:45:22Z</time></trkpt><trkpt lat="48.516368" lon="-121.236753"><ele>821.7723388671875</ele><time>2020-03-21T14:45:29Z</time></trkpt><trkpt lat="48.516384" lon="-121.236696"><ele>824.821533203125</ele><time>2020-03-21T14:45:33Z</time></trkpt><trkpt lat="48.516375" lon="-121.236615"><ele>827.1102294921875</ele><time>2020-03-21T14:45:40Z</time></trkpt><trkpt lat="48.516375" lon="-121.236605"><ele>826.133056640625</ele><time>2020-03-21T14:45:41Z</time></trkpt><trkpt lat="48.51635" lon="-121.236513"><ele>827.673095703125</ele><time>2020-03-21T14:45:47Z</time></trkpt><trkpt lat="48.516355" lon="-121.236367"><ele>833.89794921875</ele><time>2020-03-21T14:45:57Z</time></trkpt><trkpt lat="48.516358" lon="-121.236353"><ele>833.9312744140625</ele><time>2020-03-21T14:45:58Z</time></trkpt><trkpt lat="48.516384" lon="-121.236276"><ele>832.4351806640625</ele><time>2020-03-21T14:46:05Z</time></trkpt><trkpt lat="48.516394" lon="-121.236208"><ele>831.6009521484375</ele><time>2020-03-21T14:46:24Z</time></trkpt><trkpt lat="48.516434" lon="-121.236134"><ele>837.0662841796875</ele><time>2020-03-21T14:46:28Z</time></trkpt><trkpt lat="48.516439" lon="-121.236119"><ele>836.330078125</ele><time>2020-03-21T14:46:29Z</time></trkpt><trkpt lat="48.51643" lon="-121.236071"><ele>837.4466552734375</ele><time>2020-03-21T14:46:32Z</time></trkpt><trkpt lat="48.516433" lon="-121.23583"><ele>831.82275390625</ele><time>2020-03-21T14:46:44Z</time></trkpt><trkpt lat="48.516429" lon="-121.235808"><ele>830.03271484375</ele><time>2020-03-21T14:46:45Z</time></trkpt><trkpt lat="48.516375" lon="-121.235724"><ele>830.1199951171875</ele><time>2020-03-21T14:46:52Z</time></trkpt><trkpt lat="48.516369" lon="-121.235595"><ele>829.1357421875</ele><time>2020-03-21T14:46:59Z</time></trkpt><trkpt lat="48.51637" lon="-121.235576"><ele>829.760009765625</ele><time>2020-03-21T14:47:00Z</time></trkpt><trkpt lat="48.516389" lon="-121.235475"><ele>831.437744140625</ele><time>2020-03-21T14:47:06Z</time></trkpt><trkpt lat="48.516436" lon="-121.23537"><ele>833.440673828125</ele><time>2020-03-21T14:47:11Z</time></trkpt><trkpt lat="48.516448" lon="-121.235355"><ele>833.445556640625</ele><time>2020-03-21T14:47:12Z</time></trkpt><trkpt lat="48.516455" lon="-121.235311"><ele>834.92529296875</ele><time>2020-03-21T14:47:15Z</time></trkpt><trkpt lat="48.516415" lon="-121.235197"><ele>830.1416015625</ele><time>2020-03-21T14:47:26Z</time></trkpt><trkpt lat="48.516411" lon="-121.235126"><ele>831.208984375</ele><time>2020-03-21T14:47:29Z</time></trkpt><trkpt lat="48.51641" lon="-121.235107"><ele>831.5592041015625</ele><time>2020-03-21T14:47:30Z</time></trkpt><trkpt lat="48.516419" lon="-121.234977"><ele>836.73779296875</ele><time>2020-03-21T14:47:36Z</time></trkpt><trkpt lat="48.516412" lon="-121.234902"><ele>843.632568359375</ele><time>2020-03-21T14:47:40Z</time></trkpt><trkpt lat="48.516391" lon="-121.234822"><ele>844.0465087890625</ele><time>2020-03-21T14:47:44Z</time></trkpt><trkpt lat="48.516385" lon="-121.234804"><ele>844.7373046875</ele><time>2020-03-21T14:47:45Z</time></trkpt><trkpt lat="48.516349" lon="-121.234613"><ele>847.112548828125</ele><time>2020-03-21T14:47:56Z</time></trkpt><trkpt lat="48.516352" lon="-121.234566"><ele>846.8232421875</ele><time>2020-03-21T14:48:00Z</time></trkpt><trkpt lat="48.516349" lon="-121.234553"><ele>846.64453125</ele><time>2020-03-21T14:48:01Z</time></trkpt><trkpt lat="48.51637" lon="-121.234494"><ele>848.926513671875</ele><time>2020-03-21T14:48:04Z</time></trkpt><trkpt lat="48.51639" lon="-121.234476"><ele>850.4951171875</ele><time>2020-03-21T14:48:06Z</time></trkpt><trkpt lat="48.516403" lon="-121.234399"><ele>852.53857421875</ele><time>2020-03-21T14:48:13Z</time></trkpt><trkpt lat="48.516406" lon="-121.23436"><ele>852.1932373046875</ele><time>2020-03-21T14:48:16Z</time></trkpt><trkpt lat="48.516383" lon="-121.234303"><ele>852.080322265625</ele><time>2020-03-21T14:48:20Z</time></trkpt><trkpt lat="48.516382" lon="-121.234293"><ele>851.34716796875</ele><time>2020-03-21T14:48:21Z</time></trkpt><trkpt lat="48.516336" lon="-121.234154"><ele>847.25830078125</ele><time>2020-03-21T14:48:30Z</time></trkpt><trkpt lat="48.516319" lon="-121.234054"><ele>844.72607421875</ele><time>2020-03-21T14:48:36Z</time></trkpt><trkpt lat="48.516353" lon="-121.233996"><ele>845.27294921875</ele><time>2020-03-21T14:48:40Z</time></trkpt><trkpt lat="48.516357" lon="-121.233989"><ele>845.9814453125</ele><time>2020-03-21T14:48:41Z</time></trkpt><trkpt lat="48.51636" lon="-121.233899"><ele>850.38134765625</ele><time>2020-03-21T14:49:06Z</time></trkpt><trkpt lat="48.516386" lon="-121.23376"><ele>857.604736328125</ele><time>2020-03-21T14:49:14Z</time></trkpt><trkpt lat="48.516387" lon="-121.233746"><ele>858.0433349609375</ele><time>2020-03-21T14:49:15Z</time></trkpt><trkpt lat="48.516388" lon="-121.233681"><ele>862.6243896484375</ele><time>2020-03-21T14:49:18Z</time></trkpt><trkpt lat="48.516406" lon="-121.2336"><ele>863.045654296875</ele><time>2020-03-21T14:49:21Z</time></trkpt><trkpt lat="48.516462" lon="-121.233486"><ele>866.1099853515625</ele><time>2020-03-21T14:49:26Z</time></trkpt><trkpt lat="48.516469" lon="-121.233459"><ele>865.8155517578125</ele><time>2020-03-21T14:49:27Z</time></trkpt><trkpt lat="48.516489" lon="-121.233349"><ele>867.3201904296875</ele><time>2020-03-21T14:49:32Z</time></trkpt><trkpt lat="48.516502" lon="-121.233179"><ele>865.412109375</ele><time>2020-03-21T14:49:43Z</time></trkpt><trkpt lat="48.516505" lon="-121.233157"><ele>864.612548828125</ele><time>2020-03-21T14:49:44Z</time></trkpt><trkpt lat="48.516516" lon="-121.233072"><ele>858.904052734375</ele><time>2020-03-21T14:49:49Z</time></trkpt><trkpt lat="48.5165" lon="-121.232992"><ele>857.3681640625</ele><time>2020-03-21T14:49:52Z</time></trkpt><trkpt lat="48.516526" lon="-121.232913"><ele>857.92919921875</ele><time>2020-03-21T14:49:55Z</time></trkpt><trkpt lat="48.516534" lon="-121.232892"><ele>858.628662109375</ele><time>2020-03-21T14:49:56Z</time></trkpt><trkpt lat="48.516551" lon="-121.232822"><ele>860.382568359375</ele><time>2020-03-21T14:49:59Z</time></trkpt><trkpt lat="48.516564" lon="-121.232681"><ele>862.656494140625</ele><time>2020-03-21T14:50:05Z</time></trkpt><trkpt lat="48.51657" lon="-121.232662"><ele>864.6104736328125</ele><time>2020-03-21T14:50:06Z</time></trkpt><trkpt lat="48.516578" lon="-121.232609"><ele>865.1424560546875</ele><time>2020-03-21T14:50:09Z</time></trkpt><trkpt lat="48.516573" lon="-121.232433"><ele>867.9541015625</ele><time>2020-03-21T14:50:17Z</time></trkpt><trkpt lat="48.516571" lon="-121.232395"><ele>867.935546875</ele><time>2020-03-21T14:50:18Z</time></trkpt><trkpt lat="48.51653" lon="-121.232266"><ele>867.6871337890625</ele><time>2020-03-21T14:50:25Z</time></trkpt><trkpt lat="48.516538" lon="-121.232159"><ele>871.8526611328125</ele><time>2020-03-21T14:50:30Z</time></trkpt><trkpt lat="48.516534" lon="-121.232139"><ele>873.726318359375</ele><time>2020-03-21T14:50:31Z</time></trkpt><trkpt lat="48.516521" lon="-121.232096"><ele>872.508544921875</ele><time>2020-03-21T14:50:33Z</time></trkpt><trkpt lat="48.516495" lon="-121.232065"><ele>871.9222412109375</ele><time>2020-03-21T14:50:35Z</time></trkpt><trkpt lat="48.516464" lon="-121.232052"><ele>872.187255859375</ele><time>2020-03-21T14:50:37Z</time></trkpt><trkpt lat="48.516422" lon="-121.232057"><ele>869.0716552734375</ele><time>2020-03-21T14:50:40Z</time></trkpt><trkpt lat="48.516409" lon="-121.232053"><ele>869.5263671875</ele><time>2020-03-21T14:50:41Z</time></trkpt><trkpt lat="48.516344" lon="-121.232038"><ele>865.11572265625</ele><time>2020-03-21T14:50:47Z</time></trkpt><trkpt lat="48.516316" lon="-121.232064"><ele>867.036376953125</ele><time>2020-03-21T14:50:51Z</time></trkpt><trkpt lat="48.516297" lon="-121.232092"><ele>868.4033203125</ele><time>2020-03-21T14:50:53Z</time></trkpt><trkpt lat="48.516321" lon="-121.232107"><ele>866.73486328125</ele><time>2020-03-21T14:51:03Z</time></trkpt><trkpt lat="48.516333" lon="-121.232152"><ele>865.0882568359375</ele><time>2020-03-21T14:51:20Z</time></trkpt><trkpt lat="48.516336" lon="-121.232168"><ele>863.445556640625</ele><time>2020-03-21T14:51:21Z</time></trkpt><trkpt lat="48.51634" lon="-121.232221"><ele>859.549072265625</ele><time>2020-03-21T14:51:24Z</time></trkpt><trkpt lat="48.51636" lon="-121.23228"><ele>859.029296875</ele><time>2020-03-21T14:51:27Z</time></trkpt><trkpt lat="48.51635" lon="-121.23238"><ele>857.1590576171875</ele><time>2020-03-21T14:51:31Z</time></trkpt><trkpt lat="48.516345" lon="-121.2324"><ele>856.069091796875</ele><time>2020-03-21T14:51:32Z</time></trkpt><trkpt lat="48.516323" lon="-121.232541"><ele>857.306396484375</ele><time>2020-03-21T14:51:39Z</time></trkpt><trkpt lat="48.516325" lon="-121.232612"><ele>856.5865478515625</ele><time>2020-03-21T14:51:43Z</time></trkpt><trkpt lat="48.516305" lon="-121.232655"><ele>857.19140625</ele><time>2020-03-21T14:51:47Z</time></trkpt><trkpt lat="48.516297" lon="-121.232666"><ele>857.353271484375</ele><time>2020-03-21T14:51:48Z</time></trkpt><trkpt lat="48.516242" lon="-121.232748"><ele>855.33837890625</ele><time>2020-03-21T14:51:54Z</time></trkpt><trkpt lat="48.516232" lon="-121.232783"><ele>855.84716796875</ele><time>2020-03-21T14:51:56Z</time></trkpt><trkpt lat="48.51626" lon="-121.232856"><ele>862.2999267578125</ele><time>2020-03-21T14:52:00Z</time></trkpt><trkpt lat="48.516264" lon="-121.232873"><ele>863.761474609375</ele><time>2020-03-21T14:52:01Z</time></trkpt><trkpt lat="48.516251" lon="-121.232987"><ele>864.77685546875</ele><time>2020-03-21T14:52:06Z</time></trkpt><trkpt lat="48.516236" lon="-121.233007"><ele>864.265869140625</ele><time>2020-03-21T14:52:08Z</time></trkpt><trkpt lat="48.516208" lon="-121.233115"><ele>863.7359619140625</ele><time>2020-03-21T14:52:16Z</time></trkpt><trkpt lat="48.516199" lon="-121.233134"><ele>866.590576171875</ele><time>2020-03-21T14:52:17Z</time></trkpt><trkpt lat="48.516175" lon="-121.233157"><ele>867.205078125</ele><time>2020-03-21T14:52:18Z</time></trkpt><trkpt lat="48.516171" lon="-121.233229"><ele>868.28125</ele><time>2020-03-21T14:52:23Z</time></trkpt><trkpt lat="48.516148" lon="-121.233334"><ele>870.9017333984375</ele><time>2020-03-21T14:52:27Z</time></trkpt><trkpt lat="48.516149" lon="-121.233383"><ele>872.376220703125</ele><time>2020-03-21T14:52:30Z</time></trkpt><trkpt lat="48.516144" lon="-121.233404"><ele>871.7015380859375</ele><time>2020-03-21T14:52:31Z</time></trkpt><trkpt lat="48.516113" lon="-121.233459"><ele>872.362060546875</ele><time>2020-03-21T14:52:34Z</time></trkpt><trkpt lat="48.516099" lon="-121.233551"><ele>871.995849609375</ele><time>2020-03-21T14:52:39Z</time></trkpt><trkpt lat="48.516077" lon="-121.233604"><ele>866.0703125</ele><time>2020-03-21T14:52:44Z</time></trkpt><trkpt lat="48.516077" lon="-121.233656"><ele>866.269775390625</ele><time>2020-03-21T14:52:47Z</time></trkpt><trkpt lat="48.516072" lon="-121.233672"><ele>863.734375</ele><time>2020-03-21T14:52:48Z</time></trkpt><trkpt lat="48.516061" lon="-121.233693"><ele>863.41455078125</ele><time>2020-03-21T14:52:49Z</time></trkpt><trkpt lat="48.516064" lon="-121.233792"><ele>868.868408203125</ele><time>2020-03-21T14:52:55Z</time></trkpt><trkpt lat="48.516044" lon="-121.233853"><ele>870.4267578125</ele><time>2020-03-21T14:52:59Z</time></trkpt><trkpt lat="48.516047" lon="-121.233942"><ele>869.076416015625</ele><time>2020-03-21T14:53:05Z</time></trkpt><trkpt lat="48.516041" lon="-121.233958"><ele>868.307373046875</ele><time>2020-03-21T14:53:06Z</time></trkpt><trkpt lat="48.51603" lon="-121.233997"><ele>869.08349609375</ele><time>2020-03-21T14:53:09Z</time></trkpt><trkpt lat="48.515996" lon="-121.234023"><ele>869.259765625</ele><time>2020-03-21T14:53:11Z</time></trkpt><trkpt lat="48.515984" lon="-121.234047"><ele>869.474365234375</ele><time>2020-03-21T14:53:13Z</time></trkpt><trkpt lat="48.515982" lon="-121.234187"><ele>869.75244140625</ele><time>2020-03-21T14:53:20Z</time></trkpt><trkpt lat="48.515986" lon="-121.234212"><ele>870.360107421875</ele><time>2020-03-21T14:53:21Z</time></trkpt><trkpt lat="48.515985" lon="-121.2343"><ele>867.30029296875</ele><time>2020-03-21T14:53:26Z</time></trkpt><trkpt lat="48.515995" lon="-121.234336"><ele>866.661865234375</ele><time>2020-03-21T14:53:29Z</time></trkpt><trkpt lat="48.516016" lon="-121.234359"><ele>868.333740234375</ele><time>2020-03-21T14:53:31Z</time></trkpt><trkpt lat="48.516026" lon="-121.234387"><ele>869.239990234375</ele><time>2020-03-21T14:53:34Z</time></trkpt><trkpt lat="48.516013" lon="-121.234464"><ele>872.4090576171875</ele><time>2020-03-21T14:53:39Z</time></trkpt><trkpt lat="48.516014" lon="-121.234474"><ele>873.856689453125</ele><time>2020-03-21T14:53:40Z</time></trkpt><trkpt lat="48.516012" lon="-121.234624"><ele>873.6302490234375</ele><time>2020-03-21T14:53:50Z</time></trkpt><trkpt lat="48.515961" lon="-121.234712"><ele>869.63232421875</ele><time>2020-03-21T14:53:55Z</time></trkpt><trkpt lat="48.515943" lon="-121.234729"><ele>869.75732421875</ele><time>2020-03-21T14:53:56Z</time></trkpt><trkpt lat="48.515912" lon="-121.234792"><ele>872.8077392578125</ele><time>2020-03-21T14:54:00Z</time></trkpt><trkpt lat="48.515869" lon="-121.234948"><ele>870.68359375</ele><time>2020-03-21T14:54:06Z</time></trkpt><trkpt lat="48.51587" lon="-121.234974"><ele>870.9947509765625</ele><time>2020-03-21T14:54:07Z</time></trkpt><trkpt lat="48.515843" lon="-121.235075"><ele>872.9620361328125</ele><time>2020-03-21T14:54:11Z</time></trkpt><trkpt lat="48.515823" lon="-121.235102"><ele>875.0369873046875</ele><time>2020-03-21T14:54:13Z</time></trkpt><trkpt lat="48.515758" lon="-121.235152"><ele>876.568603515625</ele><time>2020-03-21T14:54:23Z</time></trkpt><trkpt lat="48.515754" lon="-121.235162"><ele>876.520751953125</ele><time>2020-03-21T14:54:24Z</time></trkpt><trkpt lat="48.515662" lon="-121.235259"><ele>875.97021484375</ele><time>2020-03-21T14:54:35Z</time></trkpt><trkpt lat="48.515657" lon="-121.235291"><ele>876.833740234375</ele><time>2020-03-21T14:54:44Z</time></trkpt><trkpt lat="48.515629" lon="-121.235308"><ele>874.897705078125</ele><time>2020-03-21T14:54:47Z</time></trkpt><trkpt lat="48.515618" lon="-121.235322"><ele>875.4390869140625</ele><time>2020-03-21T14:54:48Z</time></trkpt><trkpt lat="48.515462" lon="-121.235492"><ele>874.2606201171875</ele><time>2020-03-21T14:54:59Z</time></trkpt><trkpt lat="48.515451" lon="-121.235507"><ele>872.211669921875</ele><time>2020-03-21T14:55:00Z</time></trkpt><trkpt lat="48.515421" lon="-121.235516"><ele>870.15869140625</ele><time>2020-03-21T14:55:02Z</time></trkpt><trkpt lat="48.51534" lon="-121.23566"><ele>872.4482421875</ele><time>2020-03-21T14:55:13Z</time></trkpt><trkpt lat="48.515325" lon="-121.235677"><ele>872.6591796875</ele><time>2020-03-21T14:55:14Z</time></trkpt><trkpt lat="48.515231" lon="-121.23584"><ele>868.556396484375</ele><time>2020-03-21T14:55:23Z</time></trkpt><trkpt lat="48.515196" lon="-121.235886"><ele>868.571533203125</ele><time>2020-03-21T14:55:25Z</time></trkpt><trkpt lat="48.515176" lon="-121.235905"><ele>868.239013671875</ele><time>2020-03-21T14:55:26Z</time></trkpt><trkpt lat="48.515145" lon="-121.235946"><ele>868.0244140625</ele><time>2020-03-21T14:55:28Z</time></trkpt><trkpt lat="48.515141" lon="-121.235968"><ele>869.656005859375</ele><time>2020-03-21T14:55:29Z</time></trkpt><trkpt lat="48.515144" lon="-121.236035"><ele>869.478271484375</ele><time>2020-03-21T14:55:32Z</time></trkpt><trkpt lat="48.515177" lon="-121.23619"><ele>871.074951171875</ele><time>2020-03-21T14:55:39Z</time></trkpt><trkpt lat="48.515177" lon="-121.236204"><ele>870.48095703125</ele><time>2020-03-21T14:55:40Z</time></trkpt><trkpt lat="48.515158" lon="-121.236303"><ele>871.548828125</ele><time>2020-03-21T14:55:44Z</time></trkpt><trkpt lat="48.515171" lon="-121.236336"><ele>873.701171875</ele><time>2020-03-21T14:55:46Z</time></trkpt><trkpt lat="48.515203" lon="-121.236363"><ele>872.28955078125</ele><time>2020-03-21T14:55:48Z</time></trkpt><trkpt lat="48.515232" lon="-121.236447"><ele>873.474365234375</ele><time>2020-03-21T14:55:53Z</time></trkpt><trkpt lat="48.515241" lon="-121.23646"><ele>872.9718017578125</ele><time>2020-03-21T14:55:54Z</time></trkpt><trkpt lat="48.515267" lon="-121.236491"><ele>876.1884765625</ele><time>2020-03-21T14:55:57Z</time></trkpt><trkpt lat="48.515261" lon="-121.23659"><ele>872.84130859375</ele><time>2020-03-21T14:56:03Z</time></trkpt><trkpt lat="48.515265" lon="-121.236621"><ele>872.1431884765625</ele><time>2020-03-21T14:56:05Z</time></trkpt><trkpt lat="48.515296" lon="-121.236668"><ele>871.7596435546875</ele><time>2020-03-21T14:56:10Z</time></trkpt><trkpt lat="48.515291" lon="-121.23668"><ele>871.68017578125</ele><time>2020-03-21T14:56:11Z</time></trkpt><trkpt lat="48.515291" lon="-121.236687"><ele>871.00732421875</ele><time>2020-03-21T14:56:12Z</time></trkpt><trkpt lat="48.515272" lon="-121.23675"><ele>870.95849609375</ele><time>2020-03-21T14:56:17Z</time></trkpt><trkpt lat="48.515214" lon="-121.236826"><ele>872.093017578125</ele><time>2020-03-21T14:56:21Z</time></trkpt><trkpt lat="48.515185" lon="-121.236891"><ele>871.6754150390625</ele><time>2020-03-21T14:56:24Z</time></trkpt><trkpt lat="48.515169" lon="-121.236907"><ele>869.51904296875</ele><time>2020-03-21T14:56:25Z</time></trkpt><trkpt lat="48.515129" lon="-121.236949"><ele>871.658935546875</ele><time>2020-03-21T14:56:29Z</time></trkpt><trkpt lat="48.515101" lon="-121.237002"><ele>870.7913818359375</ele><time>2020-03-21T14:56:33Z</time></trkpt><trkpt lat="48.515081" lon="-121.23707"><ele>876.25341796875</ele><time>2020-03-21T14:56:39Z</time></trkpt><trkpt lat="48.515059" lon="-121.237101"><ele>873.8037109375</ele><time>2020-03-21T14:56:42Z</time></trkpt><trkpt lat="48.515052" lon="-121.237108"><ele>873.8011474609375</ele><time>2020-03-21T14:56:43Z</time></trkpt><trkpt lat="48.515011" lon="-121.23717"><ele>875.056640625</ele><time>2020-03-21T14:56:52Z</time></trkpt><trkpt lat="48.51497" lon="-121.237185"><ele>874.3997802734375</ele><time>2020-03-21T14:56:56Z</time></trkpt><trkpt lat="48.514952" lon="-121.237214"><ele>875.6044921875</ele><time>2020-03-21T14:56:59Z</time></trkpt><trkpt lat="48.514899" lon="-121.237229"><ele>872.26953125</ele><time>2020-03-21T14:57:03Z</time></trkpt><trkpt lat="48.514885" lon="-121.237238"><ele>872.711669921875</ele><time>2020-03-21T14:57:04Z</time></trkpt><trkpt lat="48.514749" lon="-121.237386"><ele>872.12841796875</ele><time>2020-03-21T14:57:14Z</time></trkpt><trkpt lat="48.514739" lon="-121.237395"><ele>872.22412109375</ele><time>2020-03-21T14:57:15Z</time></trkpt><trkpt lat="48.514677" lon="-121.237444"><ele>874.8145751953125</ele><time>2020-03-21T14:57:22Z</time></trkpt><trkpt lat="48.514653" lon="-121.237439"><ele>876.053466796875</ele><time>2020-03-21T14:57:25Z</time></trkpt><trkpt lat="48.514608" lon="-121.23749"><ele>874.1224365234375</ele><time>2020-03-21T14:57:29Z</time></trkpt><trkpt lat="48.514601" lon="-121.237498"><ele>873.9765625</ele><time>2020-03-21T14:57:30Z</time></trkpt><trkpt lat="48.514574" lon="-121.237511"><ele>875.33984375</ele><time>2020-03-21T14:57:33Z</time></trkpt><trkpt lat="48.514516" lon="-121.237565"><ele>876.648681640625</ele><time>2020-03-21T14:57:37Z</time></trkpt><trkpt lat="48.514476" lon="-121.23762"><ele>877.91650390625</ele><time>2020-03-21T14:57:40Z</time></trkpt><trkpt lat="48.514465" lon="-121.237635"><ele>877.82568359375</ele><time>2020-03-21T14:57:41Z</time></trkpt><trkpt lat="48.514332" lon="-121.237704"><ele>880.25439453125</ele><time>2020-03-21T14:57:54Z</time></trkpt><trkpt lat="48.514301" lon="-121.237682"><ele>881.751220703125</ele><time>2020-03-21T14:57:57Z</time></trkpt><trkpt lat="48.514289" lon="-121.237677"><ele>881.100341796875</ele><time>2020-03-21T14:57:58Z</time></trkpt><trkpt lat="48.514255" lon="-121.237699"><ele>880.117431640625</ele><time>2020-03-21T14:58:01Z</time></trkpt><trkpt lat="48.514209" lon="-121.237706"><ele>880.3802490234375</ele><time>2020-03-21T14:58:05Z</time></trkpt><trkpt lat="48.514101" lon="-121.237746"><ele>882.36083984375</ele><time>2020-03-21T14:58:14Z</time></trkpt><trkpt lat="48.514078" lon="-121.237769"><ele>881.3316650390625</ele><time>2020-03-21T14:58:15Z</time></trkpt><trkpt lat="48.514052" lon="-121.237798"><ele>881.13037109375</ele><time>2020-03-21T14:58:17Z</time></trkpt><trkpt lat="48.514029" lon="-121.237808"><ele>881.435302734375</ele><time>2020-03-21T14:58:21Z</time></trkpt><trkpt lat="48.513976" lon="-121.237818"><ele>882.1041259765625</ele><time>2020-03-21T14:58:26Z</time></trkpt><trkpt lat="48.513932" lon="-121.237814"><ele>882.96533203125</ele><time>2020-03-21T14:58:29Z</time></trkpt><trkpt lat="48.513919" lon="-121.237815"><ele>883.345703125</ele><time>2020-03-21T14:58:30Z</time></trkpt><trkpt lat="48.513911" lon="-121.237808"><ele>882.3934326171875</ele><time>2020-03-21T14:58:31Z</time></trkpt><trkpt lat="48.513885" lon="-121.237817"><ele>886.217041015625</ele><time>2020-03-21T14:58:37Z</time></trkpt><trkpt lat="48.513818" lon="-121.237855"><ele>885.426513671875</ele><time>2020-03-21T14:59:06Z</time></trkpt><trkpt lat="48.513796" lon="-121.237849"><ele>881.98583984375</ele><time>2020-03-21T14:59:09Z</time></trkpt><trkpt lat="48.513746" lon="-121.237858"><ele>883.131591796875</ele><time>2020-03-21T14:59:12Z</time></trkpt><trkpt lat="48.513729" lon="-121.237868"><ele>883.461669921875</ele><time>2020-03-21T14:59:13Z</time></trkpt><trkpt lat="48.513671" lon="-121.237891"><ele>882.1309814453125</ele><time>2020-03-21T14:59:18Z</time></trkpt><trkpt lat="48.513661" lon="-121.237876"><ele>882.8115234375</ele><time>2020-03-21T14:59:21Z</time></trkpt><trkpt lat="48.513579" lon="-121.237917"><ele>883.147705078125</ele><time>2020-03-21T14:59:26Z</time></trkpt><trkpt lat="48.513562" lon="-121.237921"><ele>884.247314453125</ele><time>2020-03-21T14:59:27Z</time></trkpt><trkpt lat="48.513528" lon="-121.237929"><ele>884.4482421875</ele><time>2020-03-21T14:59:30Z</time></trkpt><trkpt lat="48.513473" lon="-121.237974"><ele>886.857666015625</ele><time>2020-03-21T14:59:32Z</time></trkpt><trkpt lat="48.513444" lon="-121.237985"><ele>887.1019287109375</ele><time>2020-03-21T14:59:34Z</time></trkpt><trkpt lat="48.51343" lon="-121.237953"><ele>886.2216796875</ele><time>2020-03-21T14:59:36Z</time></trkpt><trkpt lat="48.513435" lon="-121.237906"><ele>885.90771484375</ele><time>2020-03-21T14:59:38Z</time></trkpt><trkpt lat="48.513433" lon="-121.237881"><ele>886.34765625</ele><time>2020-03-21T14:59:39Z</time></trkpt><trkpt lat="48.513418" lon="-121.237837"><ele>886.423583984375</ele><time>2020-03-21T14:59:43Z</time></trkpt><trkpt lat="48.513435" lon="-121.23778"><ele>886.803955078125</ele><time>2020-03-21T14:59:48Z</time></trkpt><trkpt lat="48.513491" lon="-121.23772"><ele>887.477783203125</ele><time>2020-03-21T14:59:54Z</time></trkpt><trkpt lat="48.513522" lon="-121.237704"><ele>890.43212890625</ele><time>2020-03-21T14:59:58Z</time></trkpt><trkpt lat="48.513535" lon="-121.237693"><ele>889.756103515625</ele><time>2020-03-21T14:59:59Z</time></trkpt><trkpt lat="48.513584" lon="-121.237651"><ele>892.6072998046875</ele><time>2020-03-21T15:00:03Z</time></trkpt><trkpt lat="48.51367" lon="-121.237605"><ele>890.44677734375</ele><time>2020-03-21T15:00:11Z</time></trkpt><trkpt lat="48.513675" lon="-121.237608"><ele>890.810302734375</ele><time>2020-03-21T15:00:12Z</time></trkpt><trkpt lat="48.513679" lon="-121.237617"><ele>891.9140625</ele><time>2020-03-21T15:00:13Z</time></trkpt><trkpt lat="48.513715" lon="-121.237614"><ele>890.681640625</ele><time>2020-03-21T15:00:16Z</time></trkpt><trkpt lat="48.513805" lon="-121.237503"><ele>892.140380859375</ele><time>2020-03-21T15:00:26Z</time></trkpt><trkpt lat="48.513825" lon="-121.237492"><ele>890.7802734375</ele><time>2020-03-21T15:00:27Z</time></trkpt><trkpt lat="48.513837" lon="-121.237489"><ele>890.357666015625</ele><time>2020-03-21T15:00:28Z</time></trkpt><trkpt lat="48.513875" lon="-121.237476"><ele>889.012451171875</ele><time>2020-03-21T15:00:30Z</time></trkpt><trkpt lat="48.513897" lon="-121.237486"><ele>890.0194091796875</ele><time>2020-03-21T15:00:32Z</time></trkpt><trkpt lat="48.513917" lon="-121.237496"><ele>890.2882080078125</ele><time>2020-03-21T15:00:34Z</time></trkpt><trkpt lat="48.513928" lon="-121.23753"><ele>890.6884765625</ele><time>2020-03-21T15:00:38Z</time></trkpt><trkpt lat="48.513952" lon="-121.237543"><ele>892.317138671875</ele><time>2020-03-21T15:00:41Z</time></trkpt><trkpt lat="48.513987" lon="-121.237505"><ele>888.5552978515625</ele><time>2020-03-21T15:00:44Z</time></trkpt><trkpt lat="48.514005" lon="-121.237477"><ele>886.2451171875</ele><time>2020-03-21T15:00:45Z</time></trkpt><trkpt lat="48.514071" lon="-121.237411"><ele>886.065185546875</ele><time>2020-03-21T15:00:50Z</time></trkpt><trkpt lat="48.514117" lon="-121.237393"><ele>886.0458984375</ele><time>2020-03-21T15:00:54Z</time></trkpt><trkpt lat="48.51416" lon="-121.237335"><ele>886.7578125</ele><time>2020-03-21T15:00:57Z</time></trkpt><trkpt lat="48.514171" lon="-121.237328"><ele>888.1646728515625</ele><time>2020-03-21T15:00:58Z</time></trkpt><trkpt lat="48.514246" lon="-121.23734"><ele>889.554931640625</ele><time>2020-03-21T15:01:06Z</time></trkpt><trkpt lat="48.514281" lon="-121.237307"><ele>889.6666259765625</ele><time>2020-03-21T15:01:10Z</time></trkpt><trkpt lat="48.514331" lon="-121.237291"><ele>894.51171875</ele><time>2020-03-21T15:01:13Z</time></trkpt><trkpt lat="48.514342" lon="-121.23728"><ele>894.3240966796875</ele><time>2020-03-21T15:01:14Z</time></trkpt><trkpt lat="48.51436" lon="-121.237229"><ele>893.695556640625</ele><time>2020-03-21T15:01:18Z</time></trkpt><trkpt lat="48.514379" lon="-121.237207"><ele>894.327392578125</ele><time>2020-03-21T15:01:21Z</time></trkpt><trkpt lat="48.514444" lon="-121.237156"><ele>892.529541015625</ele><time>2020-03-21T15:01:28Z</time></trkpt><trkpt lat="48.514452" lon="-121.237137"><ele>892.296630859375</ele><time>2020-03-21T15:01:30Z</time></trkpt><trkpt lat="48.51448" lon="-121.237114"><ele>892.343994140625</ele><time>2020-03-21T15:01:32Z</time></trkpt><trkpt lat="48.514491" lon="-121.237109"><ele>891.063720703125</ele><time>2020-03-21T15:01:33Z</time></trkpt><trkpt lat="48.514578" lon="-121.237057"><ele>895.9451904296875</ele><time>2020-03-21T15:01:40Z</time></trkpt><trkpt lat="48.514646" lon="-121.236972"><ele>896.2288818359375</ele><time>2020-03-21T15:01:47Z</time></trkpt><trkpt lat="48.514656" lon="-121.236962"><ele>896.18359375</ele><time>2020-03-21T15:01:48Z</time></trkpt><trkpt lat="48.514711" lon="-121.236882"><ele>895.9697265625</ele><time>2020-03-21T15:01:54Z</time></trkpt><trkpt lat="48.514716" lon="-121.236736"><ele>897.1856689453125</ele><time>2020-03-21T15:02:01Z</time></trkpt><trkpt lat="48.514719" lon="-121.236721"><ele>897.98681640625</ele><time>2020-03-21T15:02:02Z</time></trkpt><trkpt lat="48.514756" lon="-121.236496"><ele>899.7381591796875</ele><time>2020-03-21T15:02:18Z</time></trkpt><trkpt lat="48.514765" lon="-121.236476"><ele>899.173583984375</ele><time>2020-03-21T15:02:20Z</time></trkpt><trkpt lat="48.514769" lon="-121.236464"><ele>898.3106689453125</ele><time>2020-03-21T15:02:21Z</time></trkpt><trkpt lat="48.514758" lon="-121.236434"><ele>898.0380859375</ele><time>2020-03-21T15:02:30Z</time></trkpt><trkpt lat="48.514806" lon="-121.236338"><ele>897.57421875</ele><time>2020-03-21T15:02:36Z</time></trkpt><trkpt lat="48.514805" lon="-121.236241"><ele>898.168701171875</ele><time>2020-03-21T15:02:40Z</time></trkpt><trkpt lat="48.514806" lon="-121.236208"><ele>898.2608642578125</ele><time>2020-03-21T15:02:41Z</time></trkpt><trkpt lat="48.514831" lon="-121.236142"><ele>897.8328857421875</ele><time>2020-03-21T15:02:45Z</time></trkpt><trkpt lat="48.514828" lon="-121.23609"><ele>901.21826171875</ele><time>2020-03-21T15:02:48Z</time></trkpt><trkpt lat="48.514822" lon="-121.236067"><ele>901.6865234375</ele><time>2020-03-21T15:02:49Z</time></trkpt><trkpt lat="48.514774" lon="-121.236"><ele>900.283447265625</ele><time>2020-03-21T15:02:54Z</time></trkpt><trkpt lat="48.514772" lon="-121.235979"><ele>901.103759765625</ele><time>2020-03-21T15:02:55Z</time></trkpt><trkpt lat="48.514776" lon="-121.235956"><ele>901.2398681640625</ele><time>2020-03-21T15:02:56Z</time></trkpt><trkpt lat="48.514786" lon="-121.235905"><ele>899.3233642578125</ele><time>2020-03-21T15:03:00Z</time></trkpt><trkpt lat="48.514771" lon="-121.235849"><ele>898.4058837890625</ele><time>2020-03-21T15:03:04Z</time></trkpt><trkpt lat="48.514747" lon="-121.235868"><ele>895.603759765625</ele><time>2020-03-21T15:03:15Z</time></trkpt><trkpt lat="48.514757" lon="-121.235769"><ele>897.0888671875</ele><time>2020-03-21T15:03:24Z</time></trkpt><trkpt lat="48.51474" lon="-121.235748"><ele>897.695556640625</ele><time>2020-03-21T15:03:25Z</time></trkpt><trkpt lat="48.514701" lon="-121.235708"><ele>899.5087890625</ele><time>2020-03-21T15:03:28Z</time></trkpt><trkpt lat="48.514696" lon="-121.235678"><ele>900.7880859375</ele><time>2020-03-21T15:03:30Z</time></trkpt><trkpt lat="48.514755" lon="-121.23559"><ele>906.78076171875</ele><time>2020-03-21T15:03:36Z</time></trkpt><trkpt lat="48.514755" lon="-121.235581"><ele>907.374267578125</ele><time>2020-03-21T15:03:37Z</time></trkpt><trkpt lat="48.514741" lon="-121.235545"><ele>909.9681396484375</ele><time>2020-03-21T15:03:42Z</time></trkpt><trkpt lat="48.514746" lon="-121.235505"><ele>911.7308349609375</ele><time>2020-03-21T15:03:45Z</time></trkpt><trkpt lat="48.514726" lon="-121.235478"><ele>915.478759765625</ele><time>2020-03-21T15:03:55Z</time></trkpt><trkpt lat="48.514786" lon="-121.235386"><ele>908.9503173828125</ele><time>2020-03-21T15:04:10Z</time></trkpt><trkpt lat="48.514796" lon="-121.235375"><ele>907.0252685546875</ele><time>2020-03-21T15:04:11Z</time></trkpt><trkpt lat="48.514878" lon="-121.235254"><ele>905.8212890625</ele><time>2020-03-21T15:04:18Z</time></trkpt><trkpt lat="48.514922" lon="-121.235213"><ele>907.092529296875</ele><time>2020-03-21T15:04:21Z</time></trkpt><trkpt lat="48.514941" lon="-121.235195"><ele>906.8555908203125</ele><time>2020-03-21T15:04:22Z</time></trkpt><trkpt lat="48.514997" lon="-121.235118"><ele>909.2373046875</ele><time>2020-03-21T15:04:26Z</time></trkpt><trkpt lat="48.515039" lon="-121.235006"><ele>908.2734375</ele><time>2020-03-21T15:04:32Z</time></trkpt><trkpt lat="48.515043" lon="-121.234987"><ele>908.525146484375</ele><time>2020-03-21T15:04:33Z</time></trkpt><trkpt lat="48.515059" lon="-121.234902"><ele>911.36181640625</ele><time>2020-03-21T15:04:38Z</time></trkpt><trkpt lat="48.515008" lon="-121.234855"><ele>911.149658203125</ele><time>2020-03-21T15:04:42Z</time></trkpt><trkpt lat="48.515016" lon="-121.234821"><ele>913.50390625</ele><time>2020-03-21T15:04:44Z</time></trkpt><trkpt lat="48.514997" lon="-121.234734"><ele>913.8651123046875</ele><time>2020-03-21T15:04:48Z</time></trkpt><trkpt lat="48.51499" lon="-121.234714"><ele>910.864013671875</ele><time>2020-03-21T15:04:49Z</time></trkpt><trkpt lat="48.514989" lon="-121.234697"><ele>911.4600830078125</ele><time>2020-03-21T15:04:50Z</time></trkpt><trkpt lat="48.515093" lon="-121.234449"><ele>920.787841796875</ele><time>2020-03-21T15:05:05Z</time></trkpt><trkpt lat="48.515102" lon="-121.234427"><ele>921.0714111328125</ele><time>2020-03-21T15:05:06Z</time></trkpt><trkpt lat="48.515155" lon="-121.234315"><ele>924.0552978515625</ele><time>2020-03-21T15:05:13Z</time></trkpt><trkpt lat="48.515222" lon="-121.234256"><ele>925.335693359375</ele><time>2020-03-21T15:05:18Z</time></trkpt><trkpt lat="48.515221" lon="-121.234251"><ele>924.0849609375</ele><time>2020-03-21T15:05:20Z</time></trkpt><trkpt lat="48.515214" lon="-121.234221"><ele>923.900634765625</ele><time>2020-03-21T15:05:22Z</time></trkpt><trkpt lat="48.51522" lon="-121.234192"><ele>923.850830078125</ele><time>2020-03-21T15:05:23Z</time></trkpt><trkpt lat="48.515268" lon="-121.234104"><ele>925.7901611328125</ele><time>2020-03-21T15:05:28Z</time></trkpt><trkpt lat="48.51527" lon="-121.234056"><ele>924.4189453125</ele><time>2020-03-21T15:05:31Z</time></trkpt><trkpt lat="48.515272" lon="-121.234043"><ele>925.4849853515625</ele><time>2020-03-21T15:05:32Z</time></trkpt><trkpt lat="48.515264" lon="-121.233971"><ele>924.980712890625</ele><time>2020-03-21T15:05:36Z</time></trkpt><trkpt lat="48.51523" lon="-121.2339"><ele>925.435791015625</ele><time>2020-03-21T15:05:40Z</time></trkpt><trkpt lat="48.515227" lon="-121.233863"><ele>929.282470703125</ele><time>2020-03-21T15:05:42Z</time></trkpt><trkpt lat="48.51525" lon="-121.23381"><ele>932.5439453125</ele><time>2020-03-21T15:05:44Z</time></trkpt><trkpt lat="48.515258" lon="-121.233788"><ele>933.654541015625</ele><time>2020-03-21T15:05:45Z</time></trkpt><trkpt lat="48.515292" lon="-121.233729"><ele>933.49658203125</ele><time>2020-03-21T15:05:48Z</time></trkpt><trkpt lat="48.515279" lon="-121.233593"><ele>934.67724609375</ele><time>2020-03-21T15:05:55Z</time></trkpt><trkpt lat="48.515261" lon="-121.233551"><ele>935.425048828125</ele><time>2020-03-21T15:05:58Z</time></trkpt><trkpt lat="48.515242" lon="-121.233537"><ele>934.896484375</ele><time>2020-03-21T15:05:59Z</time></trkpt><trkpt lat="48.515238" lon="-121.233525"><ele>935.83056640625</ele><time>2020-03-21T15:06:00Z</time></trkpt><trkpt lat="48.515229" lon="-121.233443"><ele>931.9136962890625</ele><time>2020-03-21T15:06:07Z</time></trkpt><trkpt lat="48.515197" lon="-121.233332"><ele>931.4901123046875</ele><time>2020-03-21T15:06:13Z</time></trkpt><trkpt lat="48.515192" lon="-121.233242"><ele>935.342041015625</ele><time>2020-03-21T15:06:20Z</time></trkpt><trkpt lat="48.5152" lon="-121.233224"><ele>934.8336181640625</ele><time>2020-03-21T15:06:21Z</time></trkpt><trkpt lat="48.515211" lon="-121.233202"><ele>934.625</ele><time>2020-03-21T15:06:22Z</time></trkpt><trkpt lat="48.515221" lon="-121.23318"><ele>934.284912109375</ele><time>2020-03-21T15:06:23Z</time></trkpt><trkpt lat="48.515215" lon="-121.233141"><ele>935.2900390625</ele><time>2020-03-21T15:06:26Z</time></trkpt><trkpt lat="48.515186" lon="-121.233109"><ele>933.74853515625</ele><time>2020-03-21T15:06:28Z</time></trkpt><trkpt lat="48.515228" lon="-121.232953"><ele>929.723388671875</ele><time>2020-03-21T15:06:36Z</time></trkpt><trkpt lat="48.515231" lon="-121.232932"><ele>928.88818359375</ele><time>2020-03-21T15:06:37Z</time></trkpt><trkpt lat="48.515219" lon="-121.232829"><ele>928.05517578125</ele><time>2020-03-21T15:06:44Z</time></trkpt><trkpt lat="48.515147" lon="-121.232747"><ele>928.503173828125</ele><time>2020-03-21T15:06:49Z</time></trkpt><trkpt lat="48.515059" lon="-121.232692"><ele>931.072509765625</ele><time>2020-03-21T15:06:54Z</time></trkpt><trkpt lat="48.515054" lon="-121.232673"><ele>930.5150146484375</ele><time>2020-03-21T15:06:55Z</time></trkpt><trkpt lat="48.515058" lon="-121.232625"><ele>929.828369140625</ele><time>2020-03-21T15:06:58Z</time></trkpt><trkpt lat="48.515049" lon="-121.23257"><ele>927.546875</ele><time>2020-03-21T15:07:01Z</time></trkpt><trkpt lat="48.515065" lon="-121.232507"><ele>927.000732421875</ele><time>2020-03-21T15:07:05Z</time></trkpt><trkpt lat="48.515061" lon="-121.23246"><ele>925.4056396484375</ele><time>2020-03-21T15:07:08Z</time></trkpt><trkpt lat="48.515064" lon="-121.232448"><ele>927.99169921875</ele><time>2020-03-21T15:07:09Z</time></trkpt><trkpt lat="48.515087" lon="-121.232365"><ele>928.1845703125</ele><time>2020-03-21T15:07:13Z</time></trkpt><trkpt lat="48.515168" lon="-121.232226"><ele>923.8701171875</ele><time>2020-03-21T15:07:21Z</time></trkpt><trkpt lat="48.515166" lon="-121.232204"><ele>924.613037109375</ele><time>2020-03-21T15:07:23Z</time></trkpt><trkpt lat="48.515141" lon="-121.232194"><ele>924.8199462890625</ele><time>2020-03-21T15:07:24Z</time></trkpt><trkpt lat="48.515095" lon="-121.232189"><ele>925.084716796875</ele><time>2020-03-21T15:07:25Z</time></trkpt><trkpt lat="48.515074" lon="-121.232189"><ele>925.665771484375</ele><time>2020-03-21T15:07:26Z</time></trkpt><trkpt lat="48.515069" lon="-121.232112"><ele>940.57861328125</ele><time>2020-03-21T15:07:58Z</time></trkpt><trkpt lat="48.515091" lon="-121.23202"><ele>940.83203125</ele><time>2020-03-21T15:08:03Z</time></trkpt><trkpt lat="48.515116" lon="-121.231982"><ele>943.27392578125</ele><time>2020-03-21T15:08:06Z</time></trkpt><trkpt lat="48.515119" lon="-121.231968"><ele>943.4765625</ele><time>2020-03-21T15:08:07Z</time></trkpt><trkpt lat="48.515122" lon="-121.231826"><ele>944.671875</ele><time>2020-03-21T15:08:15Z</time></trkpt><trkpt lat="48.515132" lon="-121.231772"><ele>943.9564208984375</ele><time>2020-03-21T15:08:18Z</time></trkpt><trkpt lat="48.515119" lon="-121.231729"><ele>943.28271484375</ele><time>2020-03-21T15:08:21Z</time></trkpt><trkpt lat="48.51511" lon="-121.231711"><ele>941.8759765625</ele><time>2020-03-21T15:08:22Z</time></trkpt><trkpt lat="48.515099" lon="-121.231629"><ele>940.293212890625</ele><time>2020-03-21T15:08:26Z</time></trkpt><trkpt lat="48.515066" lon="-121.231604"><ele>940.8372802734375</ele><time>2020-03-21T15:08:29Z</time></trkpt><trkpt lat="48.514999" lon="-121.23159"><ele>940.619873046875</ele><time>2020-03-21T15:08:33Z</time></trkpt><trkpt lat="48.51499" lon="-121.231592"><ele>940.2974853515625</ele><time>2020-03-21T15:08:34Z</time></trkpt><trkpt lat="48.514957" lon="-121.231597"><ele>937.7891845703125</ele><time>2020-03-21T15:08:41Z</time></trkpt><trkpt lat="48.514934" lon="-121.231778"><ele>940.9691162109375</ele><time>2020-03-21T15:08:52Z</time></trkpt><trkpt lat="48.514931" lon="-121.231794"><ele>941.046142578125</ele><time>2020-03-21T15:08:53Z</time></trkpt><trkpt lat="48.514914" lon="-121.231833"><ele>937.6451416015625</ele><time>2020-03-21T15:08:56Z</time></trkpt><trkpt lat="48.514917" lon="-121.231867"><ele>936.330078125</ele><time>2020-03-21T15:08:59Z</time></trkpt><trkpt lat="48.514943" lon="-121.231923"><ele>937.460205078125</ele><time>2020-03-21T15:09:03Z</time></trkpt><trkpt lat="48.514958" lon="-121.232041"><ele>936.60400390625</ele><time>2020-03-21T15:09:09Z</time></trkpt><trkpt lat="48.514955" lon="-121.232058"><ele>937.2802734375</ele><time>2020-03-21T15:09:10Z</time></trkpt><trkpt lat="48.514938" lon="-121.232113"><ele>940.096923828125</ele><time>2020-03-21T15:09:13Z</time></trkpt><trkpt lat="48.514942" lon="-121.232185"><ele>938.810791015625</ele><time>2020-03-21T15:09:17Z</time></trkpt><trkpt lat="48.514931" lon="-121.232213"><ele>937.9775390625</ele><time>2020-03-21T15:09:18Z</time></trkpt><trkpt lat="48.514937" lon="-121.232296"><ele>940.2484130859375</ele><time>2020-03-21T15:09:24Z</time></trkpt><trkpt lat="48.514933" lon="-121.232316"><ele>940.271484375</ele><time>2020-03-21T15:09:25Z</time></trkpt><trkpt lat="48.514917" lon="-121.232369"><ele>941.633544921875</ele><time>2020-03-21T15:09:28Z</time></trkpt><trkpt lat="48.514873" lon="-121.23243"><ele>942.531982421875</ele><time>2020-03-21T15:09:32Z</time></trkpt><trkpt lat="48.514869" lon="-121.232458"><ele>943.4228515625</ele><time>2020-03-21T15:09:34Z</time></trkpt><trkpt lat="48.514888" lon="-121.232518"><ele>948.0037841796875</ele><time>2020-03-21T15:09:40Z</time></trkpt><trkpt lat="48.514877" lon="-121.232544"><ele>946.6429443359375</ele><time>2020-03-21T15:09:41Z</time></trkpt><trkpt lat="48.514869" lon="-121.232569"><ele>948.4554443359375</ele><time>2020-03-21T15:09:42Z</time></trkpt><trkpt lat="48.514832" lon="-121.232643"><ele>951.0606689453125</ele><time>2020-03-21T15:09:46Z</time></trkpt><trkpt lat="48.514829" lon="-121.232677"><ele>952.1072998046875</ele><time>2020-03-21T15:09:48Z</time></trkpt><trkpt lat="48.514861" lon="-121.232724"><ele>949.699951171875</ele><time>2020-03-21T15:09:52Z</time></trkpt><trkpt lat="48.514867" lon="-121.232778"><ele>949.89990234375</ele><time>2020-03-21T15:09:56Z</time></trkpt><trkpt lat="48.514866" lon="-121.232795"><ele>949.198486328125</ele><time>2020-03-21T15:09:57Z</time></trkpt><trkpt lat="48.514826" lon="-121.232964"><ele>950.0504150390625</ele><time>2020-03-21T15:10:07Z</time></trkpt><trkpt lat="48.514835" lon="-121.233032"><ele>949.5919189453125</ele><time>2020-03-21T15:10:11Z</time></trkpt><trkpt lat="48.514826" lon="-121.233045"><ele>949.9169921875</ele><time>2020-03-21T15:10:12Z</time></trkpt><trkpt lat="48.514813" lon="-121.233066"><ele>949.91259765625</ele><time>2020-03-21T15:10:13Z</time></trkpt><trkpt lat="48.514809" lon="-121.2331"><ele>949.545166015625</ele><time>2020-03-21T15:10:15Z</time></trkpt><trkpt lat="48.514832" lon="-121.23325"><ele>946.46533203125</ele><time>2020-03-21T15:10:26Z</time></trkpt><trkpt lat="48.514821" lon="-121.233288"><ele>945.8017578125</ele><time>2020-03-21T15:10:28Z</time></trkpt><trkpt lat="48.514827" lon="-121.233301"><ele>946.823486328125</ele><time>2020-03-21T15:10:29Z</time></trkpt><trkpt lat="48.514862" lon="-121.233556"><ele>954.6654052734375</ele><time>2020-03-21T15:10:46Z</time></trkpt><trkpt lat="48.51486" lon="-121.23357"><ele>955.017333984375</ele><time>2020-03-21T15:10:47Z</time></trkpt><trkpt lat="48.51481" lon="-121.23368"><ele>950.888427734375</ele><time>2020-03-21T15:10:53Z</time></trkpt><trkpt lat="48.514772" lon="-121.233741"><ele>950.714111328125</ele><time>2020-03-21T15:10:56Z</time></trkpt><trkpt lat="48.514766" lon="-121.233758"><ele>950.742919921875</ele><time>2020-03-21T15:10:57Z</time></trkpt><trkpt lat="48.514724" lon="-121.233892"><ele>951.8031005859375</ele><time>2020-03-21T15:11:06Z</time></trkpt><trkpt lat="48.514727" lon="-121.233992"><ele>953.088134765625</ele><time>2020-03-21T15:11:11Z</time></trkpt><trkpt lat="48.514724" lon="-121.234005"><ele>953.45654296875</ele><time>2020-03-21T15:11:12Z</time></trkpt><trkpt lat="48.514686" lon="-121.23408"><ele>953.3651123046875</ele><time>2020-03-21T15:11:18Z</time></trkpt><trkpt lat="48.514685" lon="-121.234136"><ele>950.8134765625</ele><time>2020-03-21T15:11:22Z</time></trkpt><trkpt lat="48.514657" lon="-121.234192"><ele>947.7294921875</ele><time>2020-03-21T15:11:26Z</time></trkpt><trkpt lat="48.514652" lon="-121.234193"><ele>947.3017578125</ele><time>2020-03-21T15:11:27Z</time></trkpt><trkpt lat="48.514604" lon="-121.234208"><ele>948.7054443359375</ele><time>2020-03-21T15:11:32Z</time></trkpt><trkpt lat="48.514563" lon="-121.234208"><ele>949.32373046875</ele><time>2020-03-21T15:11:37Z</time></trkpt><trkpt lat="48.514542" lon="-121.234229"><ele>950.523193359375</ele><time>2020-03-21T15:12:03Z</time></trkpt><trkpt lat="48.51452" lon="-121.234215"><ele>950.3255615234375</ele><time>2020-03-21T15:12:07Z</time></trkpt><trkpt lat="48.514493" lon="-121.234232"><ele>950.769775390625</ele><time>2020-03-21T15:12:15Z</time></trkpt><trkpt lat="48.514493" lon="-121.234233"><ele>951.1168212890625</ele><time>2020-03-21T15:12:16Z</time></trkpt><trkpt lat="48.514469" lon="-121.234219"><ele>951.19873046875</ele><time>2020-03-21T15:13:35Z</time></trkpt><trkpt lat="48.51444" lon="-121.234126"><ele>951.987548828125</ele><time>2020-03-21T15:13:43Z</time></trkpt><trkpt lat="48.514441" lon="-121.234104"><ele>952.081298828125</ele><time>2020-03-21T15:13:45Z</time></trkpt><trkpt lat="48.514501" lon="-121.234062"><ele>953.2567138671875</ele><time>2020-03-21T15:13:48Z</time></trkpt><trkpt lat="48.514516" lon="-121.234052"><ele>953.536865234375</ele><time>2020-03-21T15:13:49Z</time></trkpt><trkpt lat="48.514484" lon="-121.234019"><ele>953.41357421875</ele><time>2020-03-21T15:13:52Z</time></trkpt><trkpt lat="48.51448" lon="-121.233999"><ele>953.5146484375</ele><time>2020-03-21T15:13:54Z</time></trkpt><trkpt lat="48.514554" lon="-121.233943"><ele>953.1015625</ele><time>2020-03-21T15:13:58Z</time></trkpt><trkpt lat="48.514573" lon="-121.233915"><ele>953.6689453125</ele><time>2020-03-21T15:14:00Z</time></trkpt><trkpt lat="48.514561" lon="-121.233859"><ele>950.203857421875</ele><time>2020-03-21T15:14:05Z</time></trkpt><trkpt lat="48.514535" lon="-121.23385"><ele>950.06396484375</ele><time>2020-03-21T15:14:06Z</time></trkpt><trkpt lat="48.514501" lon="-121.233842"><ele>950.663818359375</ele><time>2020-03-21T15:14:07Z</time></trkpt><trkpt lat="48.51448" lon="-121.233833"><ele>952.08203125</ele><time>2020-03-21T15:14:08Z</time></trkpt><trkpt lat="48.514471" lon="-121.233794"><ele>953.2982177734375</ele><time>2020-03-21T15:14:10Z</time></trkpt><trkpt lat="48.514554" lon="-121.233688"><ele>960.2205810546875</ele><time>2020-03-21T15:14:15Z</time></trkpt><trkpt lat="48.514593" lon="-121.233534"><ele>964.07275390625</ele><time>2020-03-21T15:14:22Z</time></trkpt><trkpt lat="48.514583" lon="-121.233503"><ele>963.097900390625</ele><time>2020-03-21T15:14:25Z</time></trkpt><trkpt lat="48.51456" lon="-121.233484"><ele>965.16455078125</ele><time>2020-03-21T15:14:29Z</time></trkpt><trkpt lat="48.514578" lon="-121.233441"><ele>966.2938232421875</ele><time>2020-03-21T15:14:39Z</time></trkpt><trkpt lat="48.514582" lon="-121.23343"><ele>966.928466796875</ele><time>2020-03-21T15:14:40Z</time></trkpt><trkpt lat="48.514607" lon="-121.233391"><ele>967.357177734375</ele><time>2020-03-21T15:14:43Z</time></trkpt><trkpt lat="48.514606" lon="-121.233353"><ele>964.837646484375</ele><time>2020-03-21T15:14:46Z</time></trkpt><trkpt lat="48.514596" lon="-121.23332"><ele>966.974853515625</ele><time>2020-03-21T15:14:48Z</time></trkpt><trkpt lat="48.514567" lon="-121.233282"><ele>967.703125</ele><time>2020-03-21T15:14:51Z</time></trkpt><trkpt lat="48.51454" lon="-121.233203"><ele>966.486572265625</ele><time>2020-03-21T15:14:58Z</time></trkpt><trkpt lat="48.514539" lon="-121.233189"><ele>966.09716796875</ele><time>2020-03-21T15:14:59Z</time></trkpt><trkpt lat="48.514514" lon="-121.233053"><ele>968.243408203125</ele><time>2020-03-21T15:15:07Z</time></trkpt><trkpt lat="48.514471" lon="-121.232999"><ele>967.831298828125</ele><time>2020-03-21T15:15:11Z</time></trkpt><trkpt lat="48.514463" lon="-121.232973"><ele>965.6826171875</ele><time>2020-03-21T15:15:13Z</time></trkpt><trkpt lat="48.51447" lon="-121.232951"><ele>966.93701171875</ele><time>2020-03-21T15:15:14Z</time></trkpt><trkpt lat="48.514476" lon="-121.232934"><ele>967.3682861328125</ele><time>2020-03-21T15:15:15Z</time></trkpt><trkpt lat="48.514554" lon="-121.232777"><ele>970.516357421875</ele><time>2020-03-21T15:15:24Z</time></trkpt><trkpt lat="48.514585" lon="-121.232742"><ele>970.318359375</ele><time>2020-03-21T15:15:26Z</time></trkpt><trkpt lat="48.514605" lon="-121.232723"><ele>971.5523681640625</ele><time>2020-03-21T15:15:27Z</time></trkpt><trkpt lat="48.514619" lon="-121.232703"><ele>970.7109375</ele><time>2020-03-21T15:15:28Z</time></trkpt><trkpt lat="48.514611" lon="-121.232651"><ele>965.97509765625</ele><time>2020-03-21T15:15:32Z</time></trkpt><trkpt lat="48.514582" lon="-121.232624"><ele>964.145263671875</ele><time>2020-03-21T15:15:34Z</time></trkpt><trkpt lat="48.514585" lon="-121.232548"><ele>970.061767578125</ele><time>2020-03-21T15:15:38Z</time></trkpt><trkpt lat="48.514539" lon="-121.232455"><ele>970.18310546875</ele><time>2020-03-21T15:15:43Z</time></trkpt><trkpt lat="48.514523" lon="-121.232438"><ele>967.39013671875</ele><time>2020-03-21T15:15:44Z</time></trkpt><trkpt lat="48.514501" lon="-121.232405"><ele>971.672119140625</ele><time>2020-03-21T15:15:46Z</time></trkpt><trkpt lat="48.514469" lon="-121.232379"><ele>972.485595703125</ele><time>2020-03-21T15:15:48Z</time></trkpt><trkpt lat="48.514448" lon="-121.232236"><ele>973.6956787109375</ele><time>2020-03-21T15:15:56Z</time></trkpt><trkpt lat="48.514454" lon="-121.232215"><ele>973.112548828125</ele><time>2020-03-21T15:15:57Z</time></trkpt><trkpt lat="48.514478" lon="-121.232168"><ele>970.51611328125</ele><time>2020-03-21T15:16:00Z</time></trkpt><trkpt lat="48.514461" lon="-121.232111"><ele>970.0899658203125</ele><time>2020-03-21T15:16:04Z</time></trkpt><trkpt lat="48.514375" lon="-121.232065"><ele>975.668212890625</ele><time>2020-03-21T15:16:09Z</time></trkpt><trkpt lat="48.514363" lon="-121.232062"><ele>975.7337646484375</ele><time>2020-03-21T15:16:10Z</time></trkpt><trkpt lat="48.514331" lon="-121.231993"><ele>980.335205078125</ele><time>2020-03-21T15:16:15Z</time></trkpt><trkpt lat="48.514335" lon="-121.231949"><ele>978.4169921875</ele><time>2020-03-21T15:16:17Z</time></trkpt><trkpt lat="48.514353" lon="-121.231905"><ele>978.4691162109375</ele><time>2020-03-21T15:16:20Z</time></trkpt><trkpt lat="48.514354" lon="-121.231859"><ele>977.439208984375</ele><time>2020-03-21T15:16:23Z</time></trkpt><trkpt lat="48.51435" lon="-121.231855"><ele>977.740966796875</ele><time>2020-03-21T15:16:24Z</time></trkpt><trkpt lat="48.514333" lon="-121.231817"><ele>977.02001953125</ele><time>2020-03-21T15:16:27Z</time></trkpt><trkpt lat="48.514288" lon="-121.231774"><ele>978.92529296875</ele><time>2020-03-21T15:16:31Z</time></trkpt><trkpt lat="48.514277" lon="-121.23172"><ele>979.928955078125</ele><time>2020-03-21T15:16:34Z</time></trkpt><trkpt lat="48.514247" lon="-121.23172"><ele>980.285888671875</ele><time>2020-03-21T15:16:37Z</time></trkpt><trkpt lat="48.514242" lon="-121.231724"><ele>979.81689453125</ele><time>2020-03-21T15:16:38Z</time></trkpt><trkpt lat="48.514244" lon="-121.231695"><ele>981.79833984375</ele><time>2020-03-21T15:17:03Z</time></trkpt><trkpt lat="48.514212" lon="-121.231608"><ele>988.57958984375</ele><time>2020-03-21T15:17:10Z</time></trkpt><trkpt lat="48.514218" lon="-121.231569"><ele>987.94140625</ele><time>2020-03-21T15:17:13Z</time></trkpt><trkpt lat="48.514237" lon="-121.231557"><ele>988.84814453125</ele><time>2020-03-21T15:17:14Z</time></trkpt><trkpt lat="48.514254" lon="-121.23152"><ele>987.91015625</ele><time>2020-03-21T15:17:16Z</time></trkpt><trkpt lat="48.514252" lon="-121.231498"><ele>986.330810546875</ele><time>2020-03-21T15:17:17Z</time></trkpt><trkpt lat="48.514247" lon="-121.231394"><ele>986.931884765625</ele><time>2020-03-21T15:17:23Z</time></trkpt><trkpt lat="48.514222" lon="-121.231328"><ele>987.1676025390625</ele><time>2020-03-21T15:17:28Z</time></trkpt><trkpt lat="48.514177" lon="-121.231248"><ele>987.8118896484375</ele><time>2020-03-21T15:17:34Z</time></trkpt><trkpt lat="48.514176" lon="-121.231239"><ele>988.157470703125</ele><time>2020-03-21T15:17:35Z</time></trkpt><trkpt lat="48.51414" lon="-121.231217"><ele>988.969482421875</ele><time>2020-03-21T15:17:38Z</time></trkpt><trkpt lat="48.514131" lon="-121.231171"><ele>989.4659423828125</ele><time>2020-03-21T15:17:41Z</time></trkpt><trkpt lat="48.514147" lon="-121.231117"><ele>987.719970703125</ele><time>2020-03-21T15:17:44Z</time></trkpt><trkpt lat="48.514109" lon="-121.231048"><ele>991.0919189453125</ele><time>2020-03-21T15:17:49Z</time></trkpt><trkpt lat="48.514106" lon="-121.231034"><ele>989.8223876953125</ele><time>2020-03-21T15:17:50Z</time></trkpt><trkpt lat="48.51409" lon="-121.230991"><ele>993.0601806640625</ele><time>2020-03-21T15:17:53Z</time></trkpt><trkpt lat="48.514091" lon="-121.230951"><ele>994.2880859375</ele><time>2020-03-21T15:17:55Z</time></trkpt><trkpt lat="48.514117" lon="-121.230851"><ele>999.1717529296875</ele><time>2020-03-21T15:18:01Z</time></trkpt><trkpt lat="48.514095" lon="-121.23079"><ele>997.449462890625</ele><time>2020-03-21T15:18:06Z</time></trkpt><trkpt lat="48.514091" lon="-121.230769"><ele>998.3563232421875</ele><time>2020-03-21T15:18:07Z</time></trkpt><trkpt lat="48.514105" lon="-121.230688"><ele>999.44580078125</ele><time>2020-03-21T15:18:13Z</time></trkpt><trkpt lat="48.51409" lon="-121.230638"><ele>1002.291015625</ele><time>2020-03-21T15:18:17Z</time></trkpt><trkpt lat="48.514097" lon="-121.23058"><ele>1001.168701171875</ele><time>2020-03-21T15:18:21Z</time></trkpt><trkpt lat="48.514076" lon="-121.230533"><ele>1004.319580078125</ele><time>2020-03-21T15:18:24Z</time></trkpt><trkpt lat="48.514068" lon="-121.230515"><ele>1004.61767578125</ele><time>2020-03-21T15:18:25Z</time></trkpt><trkpt lat="48.514062" lon="-121.230477"><ele>1003.14697265625</ele><time>2020-03-21T15:18:27Z</time></trkpt><trkpt lat="48.514077" lon="-121.23036"><ele>1002.39453125</ele><time>2020-03-21T15:18:34Z</time></trkpt><trkpt lat="48.514063" lon="-121.230295"><ele>1002.76513671875</ele><time>2020-03-21T15:18:42Z</time></trkpt><trkpt lat="48.514057" lon="-121.230293"><ele>1002.807861328125</ele><time>2020-03-21T15:18:43Z</time></trkpt><trkpt lat="48.514045" lon="-121.23026"><ele>1003.021484375</ele><time>2020-03-21T15:18:48Z</time></trkpt><trkpt lat="48.514046" lon="-121.230213"><ele>1003.006591796875</ele><time>2020-03-21T15:18:51Z</time></trkpt><trkpt lat="48.514015" lon="-121.230137"><ele>1007.748779296875</ele><time>2020-03-21T15:18:55Z</time></trkpt><trkpt lat="48.514015" lon="-121.230091"><ele>1007.08642578125</ele><time>2020-03-21T15:18:57Z</time></trkpt><trkpt lat="48.514016" lon="-121.230072"><ele>1008.534912109375</ele><time>2020-03-21T15:18:58Z</time></trkpt><trkpt lat="48.51402" lon="-121.229967"><ele>1009.39697265625</ele><time>2020-03-21T15:19:03Z</time></trkpt><trkpt lat="48.514006" lon="-121.229856"><ele>1010.178955078125</ele><time>2020-03-21T15:19:08Z</time></trkpt><trkpt lat="48.513996" lon="-121.229838"><ele>1010.07861328125</ele><time>2020-03-21T15:19:09Z</time></trkpt><trkpt lat="48.513946" lon="-121.22977"><ele>1009.125244140625</ele><time>2020-03-21T15:19:14Z</time></trkpt><trkpt lat="48.513942" lon="-121.229702"><ele>1012.5078125</ele><time>2020-03-21T15:19:18Z</time></trkpt><trkpt lat="48.513955" lon="-121.229673"><ele>1012.7528076171875</ele><time>2020-03-21T15:19:20Z</time></trkpt><trkpt lat="48.513948" lon="-121.229619"><ele>1010.11767578125</ele><time>2020-03-21T15:19:24Z</time></trkpt><trkpt lat="48.513945" lon="-121.229605"><ele>1009.01806640625</ele><time>2020-03-21T15:19:25Z</time></trkpt><trkpt lat="48.513945" lon="-121.229549"><ele>1008.36669921875</ele><time>2020-03-21T15:19:28Z</time></trkpt><trkpt lat="48.513907" lon="-121.229474"><ele>1005.9124755859375</ele><time>2020-03-21T15:19:34Z</time></trkpt><trkpt lat="48.513893" lon="-121.229349"><ele>1011.047607421875</ele><time>2020-03-21T15:19:42Z</time></trkpt><trkpt lat="48.513891" lon="-121.229337"><ele>1011.298583984375</ele><time>2020-03-21T15:19:43Z</time></trkpt><trkpt lat="48.513861" lon="-121.229162"><ele>1011.2772216796875</ele><time>2020-03-21T15:19:57Z</time></trkpt><trkpt lat="48.513834" lon="-121.229109"><ele>1012.38818359375</ele><time>2020-03-21T15:20:02Z</time></trkpt><trkpt lat="48.513829" lon="-121.229094"><ele>1012.79931640625</ele><time>2020-03-21T15:20:03Z</time></trkpt><trkpt lat="48.513847" lon="-121.22904"><ele>1014.731689453125</ele><time>2020-03-21T15:20:07Z</time></trkpt><trkpt lat="48.513843" lon="-121.229015"><ele>1013.243408203125</ele><time>2020-03-21T15:20:09Z</time></trkpt><trkpt lat="48.513895" lon="-121.228773"><ele>1013.275146484375</ele><time>2020-03-21T15:20:24Z</time></trkpt><trkpt lat="48.513858" lon="-121.228687"><ele>1011.295166015625</ele><time>2020-03-21T15:20:29Z</time></trkpt><trkpt lat="48.51386" lon="-121.228664"><ele>1011.43115234375</ele><time>2020-03-21T15:20:30Z</time></trkpt><trkpt lat="48.513878" lon="-121.228608"><ele>1012.6729736328125</ele><time>2020-03-21T15:20:33Z</time></trkpt><trkpt lat="48.513874" lon="-121.228468"><ele>1014.576171875</ele><time>2020-03-21T15:20:40Z</time></trkpt><trkpt lat="48.513864" lon="-121.228434"><ele>1013.7916259765625</ele><time>2020-03-21T15:20:42Z</time></trkpt><trkpt lat="48.513873" lon="-121.228316"><ele>1014.375</ele><time>2020-03-21T15:20:50Z</time></trkpt><trkpt lat="48.513866" lon="-121.228304"><ele>1012.835693359375</ele><time>2020-03-21T15:20:51Z</time></trkpt><trkpt lat="48.513854" lon="-121.228275"><ele>1009.461669921875</ele><time>2020-03-21T15:20:53Z</time></trkpt><trkpt lat="48.513837" lon="-121.22826"><ele>1010.218994140625</ele><time>2020-03-21T15:20:54Z</time></trkpt><trkpt lat="48.513762" lon="-121.228218"><ele>1012.1435546875</ele><time>2020-03-21T15:20:58Z</time></trkpt><trkpt lat="48.513748" lon="-121.228179"><ele>1012.2197265625</ele><time>2020-03-21T15:21:01Z</time></trkpt><trkpt lat="48.513754" lon="-121.228165"><ele>1012.813720703125</ele><time>2020-03-21T15:21:02Z</time></trkpt><trkpt lat="48.513789" lon="-121.228086"><ele>1012.857177734375</ele><time>2020-03-21T15:21:06Z</time></trkpt><trkpt lat="48.513775" lon="-121.228027"><ele>1012.811767578125</ele><time>2020-03-21T15:21:10Z</time></trkpt><trkpt lat="48.513777" lon="-121.22799"><ele>1012.592529296875</ele><time>2020-03-21T15:21:12Z</time></trkpt><trkpt lat="48.513755" lon="-121.227916"><ele>1015.5201416015625</ele><time>2020-03-21T15:21:16Z</time></trkpt><trkpt lat="48.51375" lon="-121.227902"><ele>1014.130859375</ele><time>2020-03-21T15:21:17Z</time></trkpt><trkpt lat="48.51373" lon="-121.227827"><ele>1012.6951904296875</ele><time>2020-03-21T15:21:22Z</time></trkpt><trkpt lat="48.513724" lon="-121.227734"><ele>1011.29296875</ele><time>2020-03-21T15:21:28Z</time></trkpt><trkpt lat="48.5137" lon="-121.227645"><ele>1019.469970703125</ele><time>2020-03-21T15:21:33Z</time></trkpt><trkpt lat="48.513697" lon="-121.227635"><ele>1019.71826171875</ele><time>2020-03-21T15:21:34Z</time></trkpt><trkpt lat="48.513663" lon="-121.22753"><ele>1020.3582763671875</ele><time>2020-03-21T15:21:41Z</time></trkpt><trkpt lat="48.513599" lon="-121.227437"><ele>1023.8251953125</ele><time>2020-03-21T15:21:48Z</time></trkpt><trkpt lat="48.51359" lon="-121.227424"><ele>1023.8101806640625</ele><time>2020-03-21T15:21:49Z</time></trkpt><trkpt lat="48.513575" lon="-121.227372"><ele>1022.859130859375</ele><time>2020-03-21T15:21:52Z</time></trkpt><trkpt lat="48.513582" lon="-121.227279"><ele>1025.0738525390625</ele><time>2020-03-21T15:21:58Z</time></trkpt><trkpt lat="48.51354" lon="-121.227177"><ele>1022.01513671875</ele><time>2020-03-21T15:22:04Z</time></trkpt><trkpt lat="48.513534" lon="-121.22716"><ele>1021.320556640625</ele><time>2020-03-21T15:22:05Z</time></trkpt><trkpt lat="48.513531" lon="-121.227149"><ele>1021.306396484375</ele><time>2020-03-21T15:22:06Z</time></trkpt><trkpt lat="48.513552" lon="-121.227106"><ele>1023.453369140625</ele><time>2020-03-21T15:22:09Z</time></trkpt><trkpt lat="48.513575" lon="-121.227078"><ele>1020.8338623046875</ele><time>2020-03-21T15:22:11Z</time></trkpt><trkpt lat="48.513673" lon="-121.227023"><ele>1020.04345703125</ele><time>2020-03-21T15:22:15Z</time></trkpt><trkpt lat="48.513766" lon="-121.226933"><ele>1021.062255859375</ele><time>2020-03-21T15:22:21Z</time></trkpt><trkpt lat="48.513763" lon="-121.226852"><ele>1020.399169921875</ele><time>2020-03-21T15:22:26Z</time></trkpt><trkpt lat="48.51375" lon="-121.226837"><ele>1022.28173828125</ele><time>2020-03-21T15:22:27Z</time></trkpt><trkpt lat="48.513739" lon="-121.226825"><ele>1021.884765625</ele><time>2020-03-21T15:22:28Z</time></trkpt><trkpt lat="48.513718" lon="-121.226812"><ele>1020.421630859375</ele><time>2020-03-21T15:22:29Z</time></trkpt><trkpt lat="48.513698" lon="-121.226783"><ele>1019.705078125</ele><time>2020-03-21T15:22:31Z</time></trkpt><trkpt lat="48.513701" lon="-121.226746"><ele>1018.414306640625</ele><time>2020-03-21T15:22:33Z</time></trkpt><trkpt lat="48.51368" lon="-121.226645"><ele>1021.5966796875</ele><time>2020-03-21T15:22:40Z</time></trkpt><trkpt lat="48.513692" lon="-121.226615"><ele>1022.780029296875</ele><time>2020-03-21T15:22:42Z</time></trkpt><trkpt lat="48.513689" lon="-121.226534"><ele>1027.889892578125</ele><time>2020-03-21T15:22:47Z</time></trkpt><trkpt lat="48.513669" lon="-121.226498"><ele>1026.857421875</ele><time>2020-03-21T15:22:49Z</time></trkpt><trkpt lat="48.513656" lon="-121.226486"><ele>1027.525634765625</ele><time>2020-03-21T15:22:50Z</time></trkpt><trkpt lat="48.513622" lon="-121.22639"><ele>1028.475341796875</ele><time>2020-03-21T15:22:57Z</time></trkpt><trkpt lat="48.513632" lon="-121.226336"><ele>1029.6173095703125</ele><time>2020-03-21T15:23:00Z</time></trkpt><trkpt lat="48.51362" lon="-121.226259"><ele>1028.3017578125</ele><time>2020-03-21T15:23:04Z</time></trkpt><trkpt lat="48.513672" lon="-121.226106"><ele>1023.7314453125</ele><time>2020-03-21T15:23:12Z</time></trkpt><trkpt lat="48.513671" lon="-121.226089"><ele>1023.31298828125</ele><time>2020-03-21T15:23:13Z</time></trkpt><trkpt lat="48.513667" lon="-121.226072"><ele>1022.02978515625</ele><time>2020-03-21T15:23:14Z</time></trkpt><trkpt lat="48.513663" lon="-121.226058"><ele>1021.992431640625</ele><time>2020-03-21T15:23:15Z</time></trkpt><trkpt lat="48.513636" lon="-121.226036"><ele>1019.201416015625</ele><time>2020-03-21T15:23:20Z</time></trkpt><trkpt lat="48.513611" lon="-121.226039"><ele>1018.3675537109375</ele><time>2020-03-21T15:23:22Z</time></trkpt><trkpt lat="48.513597" lon="-121.225882"><ele>1019.4422607421875</ele><time>2020-03-21T15:23:43Z</time></trkpt><trkpt lat="48.513594" lon="-121.225869"><ele>1017.4715576171875</ele><time>2020-03-21T15:23:44Z</time></trkpt><trkpt lat="48.513545" lon="-121.225696"><ele>1020.262939453125</ele><time>2020-03-21T15:23:53Z</time></trkpt><trkpt lat="48.513547" lon="-121.225643"><ele>1021.4222412109375</ele><time>2020-03-21T15:23:56Z</time></trkpt><trkpt lat="48.513547" lon="-121.225627"><ele>1021.724853515625</ele><time>2020-03-21T15:23:57Z</time></trkpt><trkpt lat="48.513554" lon="-121.225538"><ele>1023.8974609375</ele><time>2020-03-21T15:25:02Z</time></trkpt><trkpt lat="48.513517" lon="-121.225381"><ele>1023.02197265625</ele><time>2020-03-21T15:25:14Z</time></trkpt><trkpt lat="48.513517" lon="-121.225365"><ele>1024.3240966796875</ele><time>2020-03-21T15:25:15Z</time></trkpt><trkpt lat="48.513519" lon="-121.225117"><ele>1018.600341796875</ele><time>2020-03-21T15:25:31Z</time></trkpt><trkpt lat="48.51352" lon="-121.225097"><ele>1019.756103515625</ele><time>2020-03-21T15:25:32Z</time></trkpt><trkpt lat="48.51353" lon="-121.225041"><ele>1022.13232421875</ele><time>2020-03-21T15:25:35Z</time></trkpt><trkpt lat="48.513526" lon="-121.224915"><ele>1026.0904541015625</ele><time>2020-03-21T15:25:44Z</time></trkpt><trkpt lat="48.513538" lon="-121.224831"><ele>1024.4058837890625</ele><time>2020-03-21T15:25:52Z</time></trkpt><trkpt lat="48.513533" lon="-121.224824"><ele>1023.37158203125</ele><time>2020-03-21T15:25:53Z</time></trkpt><trkpt lat="48.513565" lon="-121.224771"><ele>1023.37109375</ele><time>2020-03-21T15:26:26Z</time></trkpt><trkpt lat="48.51361" lon="-121.224641"><ele>1022.67724609375</ele><time>2020-03-21T15:26:37Z</time></trkpt><trkpt lat="48.513643" lon="-121.224615"><ele>1023.6949462890625</ele><time>2020-03-21T15:26:41Z</time></trkpt><trkpt lat="48.513656" lon="-121.224599"><ele>1024.7474365234375</ele><time>2020-03-21T15:26:42Z</time></trkpt><trkpt lat="48.513685" lon="-121.224561"><ele>1024.0731201171875</ele><time>2020-03-21T15:26:45Z</time></trkpt><trkpt lat="48.513709" lon="-121.224503"><ele>1024.9293212890625</ele><time>2020-03-21T15:26:50Z</time></trkpt><trkpt lat="48.513742" lon="-121.224394"><ele>1023.875</ele><time>2020-03-21T15:26:57Z</time></trkpt><trkpt lat="48.513745" lon="-121.224376"><ele>1023.9739990234375</ele><time>2020-03-21T15:26:58Z</time></trkpt><trkpt lat="48.513755" lon="-121.224234"><ele>1021.7864990234375</ele><time>2020-03-21T15:27:10Z</time></trkpt><trkpt lat="48.513778" lon="-121.224137"><ele>1025.2542724609375</ele><time>2020-03-21T15:27:17Z</time></trkpt><trkpt lat="48.513776" lon="-121.224112"><ele>1026.2718505859375</ele><time>2020-03-21T15:27:18Z</time></trkpt><trkpt lat="48.513777" lon="-121.224096"><ele>1027.2227783203125</ele><time>2020-03-21T15:27:20Z</time></trkpt><trkpt lat="48.513818" lon="-121.224007"><ele>1025.9619140625</ele><time>2020-03-21T15:27:28Z</time></trkpt><trkpt lat="48.513841" lon="-121.223857"><ele>1024.50927734375</ele><time>2020-03-21T15:27:39Z</time></trkpt><trkpt lat="48.513843" lon="-121.223848"><ele>1024.908447265625</ele><time>2020-03-21T15:27:40Z</time></trkpt><trkpt lat="48.513863" lon="-121.223745"><ele>1027.5714111328125</ele><time>2020-03-21T15:27:48Z</time></trkpt><trkpt lat="48.513914" lon="-121.223619"><ele>1028.77685546875</ele><time>2020-03-21T15:28:08Z</time></trkpt><trkpt lat="48.513916" lon="-121.223604"><ele>1029.426025390625</ele><time>2020-03-21T15:28:09Z</time></trkpt><trkpt lat="48.513938" lon="-121.223526"><ele>1029.3675537109375</ele><time>2020-03-21T15:28:14Z</time></trkpt><trkpt lat="48.51394" lon="-121.223477"><ele>1035.201904296875</ele><time>2020-03-21T15:28:17Z</time></trkpt><trkpt lat="48.513963" lon="-121.223417"><ele>1035.1124267578125</ele><time>2020-03-21T15:28:22Z</time></trkpt><trkpt lat="48.513969" lon="-121.223407"><ele>1034.9554443359375</ele><time>2020-03-21T15:28:23Z</time></trkpt><trkpt lat="48.514012" lon="-121.223282"><ele>1035.5020751953125</ele><time>2020-03-21T15:28:33Z</time></trkpt><trkpt lat="48.514008" lon="-121.223182"><ele>1035.0252685546875</ele><time>2020-03-21T15:28:40Z</time></trkpt><trkpt lat="48.514011" lon="-121.223162"><ele>1035.0223388671875</ele><time>2020-03-21T15:28:41Z</time></trkpt><trkpt lat="48.514038" lon="-121.223054"><ele>1033.4556884765625</ele><time>2020-03-21T15:28:51Z</time></trkpt><trkpt lat="48.514035" lon="-121.222941"><ele>1038.627197265625</ele><time>2020-03-21T15:28:58Z</time></trkpt><trkpt lat="48.514024" lon="-121.222904"><ele>1041.96728515625</ele><time>2020-03-21T15:29:02Z</time></trkpt><trkpt lat="48.514019" lon="-121.222904"><ele>1042.2744140625</ele><time>2020-03-21T15:29:03Z</time></trkpt><trkpt lat="48.513991" lon="-121.222893"><ele>1043.1988525390625</ele><time>2020-03-21T15:29:12Z</time></trkpt><trkpt lat="48.514009" lon="-121.222896"><ele>1040.928955078125</ele><time>2020-03-21T15:29:17Z</time></trkpt><trkpt lat="48.514041" lon="-121.222867"><ele>1040.53662109375</ele><time>2020-03-21T15:29:21Z</time></trkpt><trkpt lat="48.514053" lon="-121.222838"><ele>1040.5531005859375</ele><time>2020-03-21T15:29:23Z</time></trkpt><trkpt lat="48.514059" lon="-121.222715"><ele>1038.3077392578125</ele><time>2020-03-21T15:29:31Z</time></trkpt><trkpt lat="48.514057" lon="-121.222699"><ele>1040.2047119140625</ele><time>2020-03-21T15:29:32Z</time></trkpt><trkpt lat="48.514083" lon="-121.222594"><ele>1041.4776611328125</ele><time>2020-03-21T15:29:40Z</time></trkpt><trkpt lat="48.514065" lon="-121.22248"><ele>1043.8779296875</ele><time>2020-03-21T15:29:47Z</time></trkpt><trkpt lat="48.514084" lon="-121.222418"><ele>1042.9508056640625</ele><time>2020-03-21T15:29:51Z</time></trkpt><trkpt lat="48.514081" lon="-121.2224"><ele>1043.6060791015625</ele><time>2020-03-21T15:29:52Z</time></trkpt><trkpt lat="48.51407" lon="-121.222379"><ele>1043.3936767578125</ele><time>2020-03-21T15:29:53Z</time></trkpt><trkpt lat="48.514066" lon="-121.222364"><ele>1046.0399169921875</ele><time>2020-03-21T15:29:54Z</time></trkpt><trkpt lat="48.514142" lon="-121.222302"><ele>1046.897216796875</ele><time>2020-03-21T15:30:00Z</time></trkpt><trkpt lat="48.514161" lon="-121.222265"><ele>1050.174560546875</ele><time>2020-03-21T15:30:03Z</time></trkpt><trkpt lat="48.514187" lon="-121.222247"><ele>1050.3714599609375</ele><time>2020-03-21T15:30:05Z</time></trkpt><trkpt lat="48.514216" lon="-121.222144"><ele>1050.165771484375</ele><time>2020-03-21T15:30:14Z</time></trkpt><trkpt lat="48.514207" lon="-121.222105"><ele>1047.147705078125</ele><time>2020-03-21T15:30:18Z</time></trkpt><trkpt lat="48.514197" lon="-121.222091"><ele>1047.604248046875</ele><time>2020-03-21T15:30:20Z</time></trkpt><trkpt lat="48.514145" lon="-121.222066"><ele>1050.8377685546875</ele><time>2020-03-21T15:30:26Z</time></trkpt><trkpt lat="48.51413" lon="-121.222035"><ele>1051.790283203125</ele><time>2020-03-21T15:30:35Z</time></trkpt><trkpt lat="48.514152" lon="-121.222023"><ele>1050.637939453125</ele><time>2020-03-21T15:33:51Z</time></trkpt><trkpt lat="48.514142" lon="-121.221898"><ele>1049.9581298828125</ele><time>2020-03-21T15:33:59Z</time></trkpt><trkpt lat="48.51414" lon="-121.221882"><ele>1050.2279052734375</ele><time>2020-03-21T15:34:00Z</time></trkpt><trkpt lat="48.514139" lon="-121.221795"><ele>1048.7008056640625</ele><time>2020-03-21T15:34:06Z</time></trkpt><trkpt lat="48.514122" lon="-121.221739"><ele>1047.358642578125</ele><time>2020-03-21T15:34:11Z</time></trkpt><trkpt lat="48.514113" lon="-121.221636"><ele>1044.693115234375</ele><time>2020-03-21T15:34:18Z</time></trkpt><trkpt lat="48.514108" lon="-121.221605"><ele>1044.763671875</ele><time>2020-03-21T15:34:20Z</time></trkpt><trkpt lat="48.514098" lon="-121.221539"><ele>1050.492919921875</ele><time>2020-03-21T15:34:26Z</time></trkpt><trkpt lat="48.514125" lon="-121.221489"><ele>1051.2005615234375</ele><time>2020-03-21T15:35:04Z</time></trkpt><trkpt lat="48.514154" lon="-121.221367"><ele>1053.6392822265625</ele><time>2020-03-21T15:35:12Z</time></trkpt><trkpt lat="48.514159" lon="-121.221348"><ele>1055.5767822265625</ele><time>2020-03-21T15:35:13Z</time></trkpt><trkpt lat="48.514189" lon="-121.221257"><ele>1057.5333251953125</ele><time>2020-03-21T15:35:20Z</time></trkpt><trkpt lat="48.514184" lon="-121.221223"><ele>1055.8221435546875</ele><time>2020-03-21T15:35:26Z</time></trkpt><trkpt lat="48.514128" lon="-121.221168"><ele>1056.0216064453125</ele><time>2020-03-21T15:35:33Z</time></trkpt><trkpt lat="48.514118" lon="-121.22116"><ele>1055.569580078125</ele><time>2020-03-21T15:35:34Z</time></trkpt><trkpt lat="48.514081" lon="-121.221148"><ele>1054.8663330078125</ele><time>2020-03-21T15:35:37Z</time></trkpt><trkpt lat="48.514083" lon="-121.221103"><ele>1054.2523193359375</ele><time>2020-03-21T15:35:39Z</time></trkpt><trkpt lat="48.514109" lon="-121.221021"><ele>1060.3260498046875</ele><time>2020-03-21T15:35:43Z</time></trkpt><trkpt lat="48.514105" lon="-121.220989"><ele>1060.53369140625</ele><time>2020-03-21T15:35:45Z</time></trkpt><trkpt lat="48.514092" lon="-121.220973"><ele>1060.8770751953125</ele><time>2020-03-21T15:35:46Z</time></trkpt><trkpt lat="48.514083" lon="-121.220962"><ele>1061.07421875</ele><time>2020-03-21T15:35:47Z</time></trkpt><trkpt lat="48.51409" lon="-121.220915"><ele>1061.7974853515625</ele><time>2020-03-21T15:36:03Z</time></trkpt><trkpt lat="48.514132" lon="-121.220844"><ele>1066.4146728515625</ele><time>2020-03-21T15:36:09Z</time></trkpt><trkpt lat="48.514151" lon="-121.22073"><ele>1072.913330078125</ele><time>2020-03-21T15:36:18Z</time></trkpt><trkpt lat="48.514196" lon="-121.220755"><ele>1071.540283203125</ele><time>2020-03-21T15:36:20Z</time></trkpt><trkpt lat="48.514121" lon="-121.220701"><ele>1069.6131591796875</ele><time>2020-03-21T15:36:22Z</time></trkpt><trkpt lat="48.514129" lon="-121.220676"><ele>1069.3927001953125</ele><time>2020-03-21T15:36:23Z</time></trkpt><trkpt lat="48.514085" lon="-121.220637"><ele>1070.0279541015625</ele><time>2020-03-21T15:36:25Z</time></trkpt><trkpt lat="48.514049" lon="-121.22057"><ele>1073.21533203125</ele><time>2020-03-21T15:36:31Z</time></trkpt><trkpt lat="48.51406" lon="-121.220555"><ele>1074.07080078125</ele><time>2020-03-21T15:36:32Z</time></trkpt><trkpt lat="48.51406" lon="-121.220547"><ele>1074.5682373046875</ele><time>2020-03-21T15:36:33Z</time></trkpt><trkpt lat="48.514064" lon="-121.220501"><ele>1075.5985107421875</ele><time>2020-03-21T15:36:38Z</time></trkpt><trkpt lat="48.514051" lon="-121.220475"><ele>1076.1729736328125</ele><time>2020-03-21T15:36:39Z</time></trkpt><trkpt lat="48.514107" lon="-121.220319"><ele>1072.306396484375</ele><time>2020-03-21T15:36:47Z</time></trkpt><trkpt lat="48.514114" lon="-121.220302"><ele>1071.827392578125</ele><time>2020-03-21T15:36:48Z</time></trkpt><trkpt lat="48.514127" lon="-121.220247"><ele>1073.49267578125</ele><time>2020-03-21T15:36:51Z</time></trkpt><trkpt lat="48.514118" lon="-121.220149"><ele>1074.5595703125</ele><time>2020-03-21T15:36:57Z</time></trkpt><trkpt lat="48.514128" lon="-121.220084"><ele>1072.8955078125</ele><time>2020-03-21T15:37:01Z</time></trkpt><trkpt lat="48.514127" lon="-121.220075"><ele>1074.6337890625</ele><time>2020-03-21T15:37:02Z</time></trkpt><trkpt lat="48.514151" lon="-121.220013"><ele>1075.717041015625</ele><time>2020-03-21T15:37:06Z</time></trkpt><trkpt lat="48.514171" lon="-121.219913"><ele>1078.6990966796875</ele><time>2020-03-21T15:37:14Z</time></trkpt><trkpt lat="48.51417" lon="-121.219881"><ele>1078.621337890625</ele><time>2020-03-21T15:37:17Z</time></trkpt><trkpt lat="48.514153" lon="-121.219835"><ele>1082.343017578125</ele><time>2020-03-21T15:37:37Z</time></trkpt><trkpt lat="48.514153" lon="-121.219836"><ele>1082.349609375</ele><time>2020-03-21T15:37:38Z</time></trkpt><trkpt lat="48.514181" lon="-121.219742"><ele>1080.8072509765625</ele><time>2020-03-21T15:39:34Z</time></trkpt><trkpt lat="48.514183" lon="-121.219701"><ele>1079.6900634765625</ele><time>2020-03-21T15:39:36Z</time></trkpt><trkpt lat="48.51417" lon="-121.219661"><ele>1077.173583984375</ele><time>2020-03-21T15:39:38Z</time></trkpt><trkpt lat="48.514163" lon="-121.219639"><ele>1076.8037109375</ele><time>2020-03-21T15:39:39Z</time></trkpt><trkpt lat="48.51413" lon="-121.219571"><ele>1076.9027099609375</ele><time>2020-03-21T15:39:43Z</time></trkpt><trkpt lat="48.514122" lon="-121.219492"><ele>1075.732177734375</ele><time>2020-03-21T15:39:47Z</time></trkpt><trkpt lat="48.514096" lon="-121.219396"><ele>1073.6844482421875</ele><time>2020-03-21T15:39:52Z</time></trkpt><trkpt lat="48.514092" lon="-121.219384"><ele>1072.891845703125</ele><time>2020-03-21T15:39:53Z</time></trkpt><trkpt lat="48.514164" lon="-121.219101"><ele>1087.8685302734375</ele><time>2020-03-21T15:40:04Z</time></trkpt><trkpt lat="48.514163" lon="-121.219091"><ele>1087.814208984375</ele><time>2020-03-21T15:40:05Z</time></trkpt><trkpt lat="48.514149" lon="-121.219006"><ele>1088.884765625</ele><time>2020-03-21T15:40:10Z</time></trkpt><trkpt lat="48.514177" lon="-121.218924"><ele>1090.913818359375</ele><time>2020-03-21T15:40:17Z</time></trkpt><trkpt lat="48.514169" lon="-121.218844"><ele>1090.672607421875</ele><time>2020-03-21T15:40:21Z</time></trkpt><trkpt lat="48.514171" lon="-121.218819"><ele>1091.3211669921875</ele><time>2020-03-21T15:40:22Z</time></trkpt><trkpt lat="48.514188" lon="-121.218706"><ele>1096.8585205078125</ele><time>2020-03-21T15:40:31Z</time></trkpt><trkpt lat="48.514201" lon="-121.218677"><ele>1096.537353515625</ele><time>2020-03-21T15:40:33Z</time></trkpt><trkpt lat="48.514257" lon="-121.218639"><ele>1094.4212646484375</ele><time>2020-03-21T15:40:37Z</time></trkpt><trkpt lat="48.51426" lon="-121.218624"><ele>1093.8895263671875</ele><time>2020-03-21T15:40:38Z</time></trkpt><trkpt lat="48.514261" lon="-121.218607"><ele>1095.1900634765625</ele><time>2020-03-21T15:40:39Z</time></trkpt><trkpt lat="48.514257" lon="-121.218595"><ele>1094.6669921875</ele><time>2020-03-21T15:40:40Z</time></trkpt><trkpt lat="48.514232" lon="-121.218583"><ele>1095.41357421875</ele><time>2020-03-21T15:40:44Z</time></trkpt><trkpt lat="48.514219" lon="-121.218555"><ele>1092.490234375</ele><time>2020-03-21T15:40:50Z</time></trkpt><trkpt lat="48.514238" lon="-121.218465"><ele>1091.005859375</ele><time>2020-03-21T15:40:58Z</time></trkpt><trkpt lat="48.514282" lon="-121.218424"><ele>1092.51123046875</ele><time>2020-03-21T15:41:06Z</time></trkpt><trkpt lat="48.514288" lon="-121.218423"><ele>1092.671875</ele><time>2020-03-21T15:41:07Z</time></trkpt><trkpt lat="48.514326" lon="-121.218334"><ele>1091.223388671875</ele><time>2020-03-21T15:41:18Z</time></trkpt><trkpt lat="48.514307" lon="-121.218313"><ele>1090.043212890625</ele><time>2020-03-21T15:41:21Z</time></trkpt><trkpt lat="48.514308" lon="-121.218279"><ele>1088.00830078125</ele><time>2020-03-21T15:41:24Z</time></trkpt><trkpt lat="48.514352" lon="-121.218216"><ele>1091.438232421875</ele><time>2020-03-21T15:41:29Z</time></trkpt><trkpt lat="48.514362" lon="-121.218199"><ele>1093.09228515625</ele><time>2020-03-21T15:41:30Z</time></trkpt><trkpt lat="48.514347" lon="-121.218175"><ele>1089.475341796875</ele><time>2020-03-21T15:41:35Z</time></trkpt><trkpt lat="48.514322" lon="-121.218164"><ele>1093.736328125</ele><time>2020-03-21T15:42:07Z</time></trkpt><trkpt lat="48.514326" lon="-121.218128"><ele>1094.16748046875</ele><time>2020-03-21T15:42:09Z</time></trkpt><trkpt lat="48.514351" lon="-121.218093"><ele>1093.81494140625</ele><time>2020-03-21T15:42:11Z</time></trkpt><trkpt lat="48.514369" lon="-121.218084"><ele>1094.1806640625</ele><time>2020-03-21T15:42:12Z</time></trkpt><trkpt lat="48.514339" lon="-121.21806"><ele>1090.6788330078125</ele><time>2020-03-21T15:42:18Z</time></trkpt><trkpt lat="48.514334" lon="-121.21806"><ele>1091.1173095703125</ele><time>2020-03-21T15:42:20Z</time></trkpt><trkpt lat="48.514359" lon="-121.218018"><ele>1090.973388671875</ele><time>2020-03-21T15:42:25Z</time></trkpt><trkpt lat="48.514376" lon="-121.217947"><ele>1089.95068359375</ele><time>2020-03-21T15:42:29Z</time></trkpt><trkpt lat="48.514406" lon="-121.217888"><ele>1088.6273193359375</ele><time>2020-03-21T15:42:33Z</time></trkpt><trkpt lat="48.5144" lon="-121.217829"><ele>1088.5047607421875</ele><time>2020-03-21T15:42:36Z</time></trkpt><trkpt lat="48.514394" lon="-121.217809"><ele>1088.2545166015625</ele><time>2020-03-21T15:42:37Z</time></trkpt><trkpt lat="48.514381" lon="-121.217715"><ele>1092.0074462890625</ele><time>2020-03-21T15:42:42Z</time></trkpt><trkpt lat="48.514347" lon="-121.217664"><ele>1092.495361328125</ele><time>2020-03-21T15:42:47Z</time></trkpt><trkpt lat="48.514356" lon="-121.217591"><ele>1096.7462158203125</ele><time>2020-03-21T15:42:54Z</time></trkpt><trkpt lat="48.514377" lon="-121.217552"><ele>1095.117431640625</ele><time>2020-03-21T15:42:58Z</time></trkpt><trkpt lat="48.51438" lon="-121.217536"><ele>1097.27001953125</ele><time>2020-03-21T15:42:59Z</time></trkpt><trkpt lat="48.514382" lon="-121.217518"><ele>1096.7349853515625</ele><time>2020-03-21T15:43:00Z</time></trkpt><trkpt lat="48.514401" lon="-121.217491"><ele>1097.56494140625</ele><time>2020-03-21T15:43:02Z</time></trkpt><trkpt lat="48.514422" lon="-121.217489"><ele>1097.8363037109375</ele><time>2020-03-21T15:43:05Z</time></trkpt><trkpt lat="48.514458" lon="-121.21746"><ele>1097.845947265625</ele><time>2020-03-21T15:43:09Z</time></trkpt><trkpt lat="48.514525" lon="-121.217379"><ele>1095.1473388671875</ele><time>2020-03-21T15:43:20Z</time></trkpt><trkpt lat="48.51453" lon="-121.217375"><ele>1094.9248046875</ele><time>2020-03-21T15:43:21Z</time></trkpt><trkpt lat="48.51455" lon="-121.217302"><ele>1097.485595703125</ele><time>2020-03-21T15:43:26Z</time></trkpt><trkpt lat="48.514617" lon="-121.217253"><ele>1097.103759765625</ele><time>2020-03-21T15:43:31Z</time></trkpt><trkpt lat="48.514622" lon="-121.217206"><ele>1097.7293701171875</ele><time>2020-03-21T15:43:35Z</time></trkpt><trkpt lat="48.514625" lon="-121.217196"><ele>1097.6580810546875</ele><time>2020-03-21T15:43:36Z</time></trkpt><trkpt lat="48.51464" lon="-121.217051"><ele>1097.722900390625</ele><time>2020-03-21T15:43:47Z</time></trkpt><trkpt lat="48.514669" lon="-121.216995"><ele>1097.27392578125</ele><time>2020-03-21T15:43:51Z</time></trkpt><trkpt lat="48.514666" lon="-121.216967"><ele>1098.365478515625</ele><time>2020-03-21T15:43:52Z</time></trkpt><trkpt lat="48.514656" lon="-121.21694"><ele>1098.5982666015625</ele><time>2020-03-21T15:43:53Z</time></trkpt><trkpt lat="48.514607" lon="-121.216903"><ele>1099.75048828125</ele><time>2020-03-21T15:43:55Z</time></trkpt><trkpt lat="48.514632" lon="-121.216888"><ele>1102.56640625</ele><time>2020-03-21T15:44:05Z</time></trkpt><trkpt lat="48.514622" lon="-121.216818"><ele>1104.949462890625</ele><time>2020-03-21T15:44:14Z</time></trkpt><trkpt lat="48.514655" lon="-121.216775"><ele>1107.8426513671875</ele><time>2020-03-21T15:44:18Z</time></trkpt><trkpt lat="48.514657" lon="-121.216743"><ele>1108.131103515625</ele><time>2020-03-21T15:44:21Z</time></trkpt><trkpt lat="48.514666" lon="-121.216735"><ele>1105.023681640625</ele><time>2020-03-21T15:44:22Z</time></trkpt><trkpt lat="48.514675" lon="-121.21673"><ele>1104.946533203125</ele><time>2020-03-21T15:44:23Z</time></trkpt><trkpt lat="48.514703" lon="-121.216719"><ele>1103.051513671875</ele><time>2020-03-21T15:44:25Z</time></trkpt><trkpt lat="48.514718" lon="-121.216692"><ele>1106.009033203125</ele><time>2020-03-21T15:44:31Z</time></trkpt><trkpt lat="48.514686" lon="-121.216609"><ele>1105.7469482421875</ele><time>2020-03-21T15:44:42Z</time></trkpt><trkpt lat="48.514697" lon="-121.216635"><ele>1106.94873046875</ele><time>2020-03-21T15:44:53Z</time></trkpt><trkpt lat="48.514735" lon="-121.216621"><ele>1105.9066162109375</ele><time>2020-03-21T15:44:59Z</time></trkpt><trkpt lat="48.514739" lon="-121.216617"><ele>1105.602783203125</ele><time>2020-03-21T15:45:00Z</time></trkpt><trkpt lat="48.514693" lon="-121.216607"><ele>1098.7049560546875</ele><time>2020-03-21T15:46:05Z</time></trkpt><trkpt lat="48.514677" lon="-121.216588"><ele>1098.2745361328125</ele><time>2020-03-21T15:46:07Z</time></trkpt><trkpt lat="48.514638" lon="-121.216445"><ele>1105.7332763671875</ele><time>2020-03-21T15:46:23Z</time></trkpt><trkpt lat="48.514638" lon="-121.216433"><ele>1105.938232421875</ele><time>2020-03-21T15:46:24Z</time></trkpt><trkpt lat="48.514608" lon="-121.21636"><ele>1108.835205078125</ele><time>2020-03-21T15:46:54Z</time></trkpt><trkpt lat="48.514555" lon="-121.216356"><ele>1108.353271484375</ele><time>2020-03-21T15:46:58Z</time></trkpt><trkpt lat="48.51455" lon="-121.216317"><ele>1107.5201416015625</ele><time>2020-03-21T15:47:03Z</time></trkpt><trkpt lat="48.51458" lon="-121.216291"><ele>1108.985595703125</ele><time>2020-03-21T15:47:05Z</time></trkpt><trkpt lat="48.514604" lon="-121.216279"><ele>1110.207275390625</ele><time>2020-03-21T15:47:06Z</time></trkpt><trkpt lat="48.514637" lon="-121.216275"><ele>1110.800048828125</ele><time>2020-03-21T15:47:12Z</time></trkpt><trkpt lat="48.514659" lon="-121.216256"><ele>1111.6104736328125</ele><time>2020-03-21T15:47:20Z</time></trkpt><trkpt lat="48.514663" lon="-121.216224"><ele>1113.2623291015625</ele><time>2020-03-21T15:47:23Z</time></trkpt><trkpt lat="48.514649" lon="-121.216206"><ele>1118.3504638671875</ele><time>2020-03-21T15:47:29Z</time></trkpt><trkpt lat="48.514642" lon="-121.216168"><ele>1115.240478515625</ele><time>2020-03-21T15:47:31Z</time></trkpt><trkpt lat="48.514645" lon="-121.216128"><ele>1116.5723876953125</ele><time>2020-03-21T15:47:35Z</time></trkpt><trkpt lat="48.514615" lon="-121.216097"><ele>1116.4000244140625</ele><time>2020-03-21T15:47:38Z</time></trkpt><trkpt lat="48.514606" lon="-121.216092"><ele>1117.5450439453125</ele><time>2020-03-21T15:47:39Z</time></trkpt><trkpt lat="48.514543" lon="-121.216114"><ele>1116.564208984375</ele><time>2020-03-21T15:47:45Z</time></trkpt><trkpt lat="48.514587" lon="-121.216106"><ele>1116.6334228515625</ele><time>2020-03-21T15:47:52Z</time></trkpt><trkpt lat="48.514646" lon="-121.215954"><ele>1101.1904296875</ele><time>2020-03-21T15:48:44Z</time></trkpt><trkpt lat="48.514652" lon="-121.215928"><ele>1103.4263916015625</ele><time>2020-03-21T15:48:45Z</time></trkpt><trkpt lat="48.514674" lon="-121.215861"><ele>1102.9344482421875</ele><time>2020-03-21T15:48:48Z</time></trkpt><trkpt lat="48.514708" lon="-121.21582"><ele>1104.82568359375</ele><time>2020-03-21T15:48:51Z</time></trkpt><trkpt lat="48.514734" lon="-121.215765"><ele>1108.7913818359375</ele><time>2020-03-21T15:48:55Z</time></trkpt><trkpt lat="48.514733" lon="-121.215747"><ele>1111.557373046875</ele><time>2020-03-21T15:48:56Z</time></trkpt><trkpt lat="48.51473" lon="-121.215692"><ele>1112.405029296875</ele><time>2020-03-21T15:48:59Z</time></trkpt><trkpt lat="48.514751" lon="-121.215667"><ele>1117.4609375</ele><time>2020-03-21T15:49:05Z</time></trkpt><trkpt lat="48.514781" lon="-121.215689"><ele>1118.5975341796875</ele><time>2020-03-21T15:49:08Z</time></trkpt><trkpt lat="48.514872" lon="-121.215661"><ele>1120.7999267578125</ele><time>2020-03-21T15:49:14Z</time></trkpt><trkpt lat="48.514857" lon="-121.215638"><ele>1121.5736083984375</ele><time>2020-03-21T15:49:24Z</time></trkpt><trkpt lat="48.514829" lon="-121.215638"><ele>1124.0081787109375</ele><time>2020-03-21T15:49:31Z</time></trkpt><trkpt lat="48.514828" lon="-121.215638"><ele>1124.0740966796875</ele><time>2020-03-21T15:49:32Z</time></trkpt><trkpt lat="48.514805" lon="-121.215624"><ele>1131.5509033203125</ele><time>2020-03-21T15:50:01Z</time></trkpt><trkpt lat="48.514814" lon="-121.215528"><ele>1138.6197509765625</ele><time>2020-03-21T15:50:11Z</time></trkpt><trkpt lat="48.514784" lon="-121.215433"><ele>1139.912109375</ele><time>2020-03-21T15:50:52Z</time></trkpt><trkpt lat="48.514757" lon="-121.215408"><ele>1140.5675048828125</ele><time>2020-03-21T15:50:53Z</time></trkpt><trkpt lat="48.514734" lon="-121.21539"><ele>1140.25732421875</ele><time>2020-03-21T15:50:54Z</time></trkpt><trkpt lat="48.51468" lon="-121.215348"><ele>1142.96728515625</ele><time>2020-03-21T15:50:58Z</time></trkpt><trkpt lat="48.514688" lon="-121.21532"><ele>1143.1883544921875</ele><time>2020-03-21T15:51:35Z</time></trkpt><trkpt lat="48.514759" lon="-121.215221"><ele>1136.5673828125</ele><time>2020-03-21T15:51:40Z</time></trkpt><trkpt lat="48.514769" lon="-121.215198"><ele>1137.47998046875</ele><time>2020-03-21T15:51:41Z</time></trkpt><trkpt lat="48.514838" lon="-121.215041"><ele>1139.074951171875</ele><time>2020-03-21T15:51:52Z</time></trkpt><trkpt lat="48.514838" lon="-121.214986"><ele>1138.5302734375</ele><time>2020-03-21T15:51:54Z</time></trkpt><trkpt lat="48.514839" lon="-121.214971"><ele>1138.4156494140625</ele><time>2020-03-21T15:51:55Z</time></trkpt><trkpt lat="48.514876" lon="-121.21491"><ele>1142.3702392578125</ele><time>2020-03-21T15:52:41Z</time></trkpt><trkpt lat="48.514895" lon="-121.214848"><ele>1146.42138671875</ele><time>2020-03-21T15:52:45Z</time></trkpt><trkpt lat="48.514925" lon="-121.214807"><ele>1143.9395751953125</ele><time>2020-03-21T15:52:49Z</time></trkpt><trkpt lat="48.514919" lon="-121.214761"><ele>1147.1605224609375</ele><time>2020-03-21T15:52:53Z</time></trkpt><trkpt lat="48.514919" lon="-121.214755"><ele>1146.9140625</ele><time>2020-03-21T15:52:54Z</time></trkpt><trkpt lat="48.514928" lon="-121.214654"><ele>1155.3702392578125</ele><time>2020-03-21T15:53:48Z</time></trkpt><trkpt lat="48.514951" lon="-121.214578"><ele>1156.8214111328125</ele><time>2020-03-21T15:53:51Z</time></trkpt><trkpt lat="48.514951" lon="-121.214523"><ele>1157.7342529296875</ele><time>2020-03-21T15:53:53Z</time></trkpt><trkpt lat="48.514952" lon="-121.214506"><ele>1158.5423583984375</ele><time>2020-03-21T15:53:54Z</time></trkpt><trkpt lat="48.514929" lon="-121.214406"><ele>1162.9267578125</ele><time>2020-03-21T15:53:59Z</time></trkpt><trkpt lat="48.514931" lon="-121.214368"><ele>1163.8294677734375</ele><time>2020-03-21T15:54:03Z</time></trkpt><trkpt lat="48.514998" lon="-121.214329"><ele>1165.6478271484375</ele><time>2020-03-21T15:54:22Z</time></trkpt><trkpt lat="48.515023" lon="-121.214298"><ele>1167.259765625</ele><time>2020-03-21T15:54:24Z</time></trkpt><trkpt lat="48.515036" lon="-121.214278"><ele>1169.4486083984375</ele><time>2020-03-21T15:54:25Z</time></trkpt><trkpt lat="48.515058" lon="-121.214267"><ele>1170.3350830078125</ele><time>2020-03-21T15:54:26Z</time></trkpt><trkpt lat="48.515108" lon="-121.214128"><ele>1168.2840576171875</ele><time>2020-03-21T15:54:35Z</time></trkpt><trkpt lat="48.515174" lon="-121.214068"><ele>1168.643310546875</ele><time>2020-03-21T15:54:40Z</time></trkpt><trkpt lat="48.515185" lon="-121.214058"><ele>1169.667236328125</ele><time>2020-03-21T15:54:41Z</time></trkpt><trkpt lat="48.515224" lon="-121.213996"><ele>1167.6534423828125</ele><time>2020-03-21T15:55:09Z</time></trkpt><trkpt lat="48.515264" lon="-121.213981"><ele>1164.109130859375</ele><time>2020-03-21T15:55:11Z</time></trkpt><trkpt lat="48.51527" lon="-121.213928"><ele>1162.4381103515625</ele><time>2020-03-21T15:55:13Z</time></trkpt><trkpt lat="48.515261" lon="-121.213887"><ele>1161.1427001953125</ele><time>2020-03-21T15:55:16Z</time></trkpt><trkpt lat="48.515262" lon="-121.213876"><ele>1160.769287109375</ele><time>2020-03-21T15:55:17Z</time></trkpt><trkpt lat="48.515254" lon="-121.213819"><ele>1160.0142822265625</ele><time>2020-03-21T15:55:20Z</time></trkpt><trkpt lat="48.515261" lon="-121.213807"><ele>1159.7626953125</ele><time>2020-03-21T15:55:23Z</time></trkpt><trkpt lat="48.515321" lon="-121.213815"><ele>1159.4228515625</ele><time>2020-03-21T15:55:26Z</time></trkpt><trkpt lat="48.515342" lon="-121.213833"><ele>1160.8692626953125</ele><time>2020-03-21T15:55:28Z</time></trkpt><trkpt lat="48.515347" lon="-121.21379"><ele>1164.1978759765625</ele><time>2020-03-21T15:55:33Z</time></trkpt><trkpt lat="48.515336" lon="-121.213781"><ele>1165.244384765625</ele><time>2020-03-21T15:55:34Z</time></trkpt><trkpt lat="48.515308" lon="-121.213795"><ele>1165.99609375</ele><time>2020-03-21T15:55:42Z</time></trkpt><trkpt lat="48.515322" lon="-121.21376"><ele>1171.9833984375</ele><time>2020-03-21T15:55:54Z</time></trkpt><trkpt lat="48.515285" lon="-121.213671"><ele>1172.34765625</ele><time>2020-03-21T15:56:05Z</time></trkpt><trkpt lat="48.515281" lon="-121.213595"><ele>1171.0841064453125</ele><time>2020-03-21T15:56:10Z</time></trkpt><trkpt lat="48.515275" lon="-121.213583"><ele>1168.6273193359375</ele><time>2020-03-21T15:56:11Z</time></trkpt><trkpt lat="48.51526" lon="-121.213549"><ele>1168.9891357421875</ele><time>2020-03-21T15:56:13Z</time></trkpt><trkpt lat="48.515312" lon="-121.213412"><ele>1173.15380859375</ele><time>2020-03-21T15:57:55Z</time></trkpt><trkpt lat="48.515305" lon="-121.213365"><ele>1176.0323486328125</ele><time>2020-03-21T15:57:57Z</time></trkpt><trkpt lat="48.515311" lon="-121.213348"><ele>1173.8271484375</ele><time>2020-03-21T15:57:58Z</time></trkpt><trkpt lat="48.515321" lon="-121.213332"><ele>1173.5484619140625</ele><time>2020-03-21T15:57:59Z</time></trkpt><trkpt lat="48.51537" lon="-121.213302"><ele>1169.6522216796875</ele><time>2020-03-21T15:58:03Z</time></trkpt><trkpt lat="48.515385" lon="-121.213271"><ele>1170.35302734375</ele><time>2020-03-21T15:58:05Z</time></trkpt><trkpt lat="48.515394" lon="-121.213239"><ele>1170.0146484375</ele><time>2020-03-21T15:58:09Z</time></trkpt><trkpt lat="48.515393" lon="-121.213155"><ele>1174.4248046875</ele><time>2020-03-21T15:58:43Z</time></trkpt><trkpt lat="48.515389" lon="-121.213131"><ele>1175.949951171875</ele><time>2020-03-21T15:58:44Z</time></trkpt><trkpt lat="48.515323" lon="-121.213014"><ele>1170.705810546875</ele><time>2020-03-21T15:58:48Z</time></trkpt><trkpt lat="48.515291" lon="-121.212922"><ele>1170.4407958984375</ele><time>2020-03-21T15:58:51Z</time></trkpt><trkpt lat="48.515316" lon="-121.212898"><ele>1172.266357421875</ele><time>2020-03-21T15:58:54Z</time></trkpt><trkpt lat="48.515374" lon="-121.21291"><ele>1173.951171875</ele><time>2020-03-21T15:59:00Z</time></trkpt><trkpt lat="48.515405" lon="-121.21284"><ele>1169.1981201171875</ele><time>2020-03-21T15:59:37Z</time></trkpt><trkpt lat="48.515388" lon="-121.212782"><ele>1170.98828125</ele><time>2020-03-21T15:59:41Z</time></trkpt><trkpt lat="48.515382" lon="-121.212762"><ele>1172.663330078125</ele><time>2020-03-21T15:59:42Z</time></trkpt><trkpt lat="48.515364" lon="-121.212702"><ele>1175.2880859375</ele><time>2020-03-21T15:59:47Z</time></trkpt><trkpt lat="48.51537" lon="-121.212664"><ele>1180.3538818359375</ele><time>2020-03-21T15:59:52Z</time></trkpt><trkpt lat="48.515323" lon="-121.212627"><ele>1191.6162109375</ele><time>2020-03-21T16:00:11Z</time></trkpt><trkpt lat="48.515297" lon="-121.212537"><ele>1192.75927734375</ele><time>2020-03-21T16:02:28Z</time></trkpt><trkpt lat="48.515292" lon="-121.212524"><ele>1192.06689453125</ele><time>2020-03-21T16:02:29Z</time></trkpt><trkpt lat="48.515246" lon="-121.212484"><ele>1195.053466796875</ele><time>2020-03-21T16:02:32Z</time></trkpt><trkpt lat="48.515222" lon="-121.212421"><ele>1195.8709716796875</ele><time>2020-03-21T16:02:39Z</time></trkpt><trkpt lat="48.515225" lon="-121.21236"><ele>1195.648681640625</ele><time>2020-03-21T16:02:44Z</time></trkpt><trkpt lat="48.515241" lon="-121.212326"><ele>1197.352294921875</ele><time>2020-03-21T16:02:46Z</time></trkpt><trkpt lat="48.515246" lon="-121.212305"><ele>1195.9918212890625</ele><time>2020-03-21T16:02:47Z</time></trkpt><trkpt lat="48.515228" lon="-121.212217"><ele>1200.81591796875</ele><time>2020-03-21T16:02:52Z</time></trkpt><trkpt lat="48.515199" lon="-121.212155"><ele>1201.9317626953125</ele><time>2020-03-21T16:02:55Z</time></trkpt><trkpt lat="48.515201" lon="-121.212124"><ele>1203.459716796875</ele><time>2020-03-21T16:02:57Z</time></trkpt><trkpt lat="48.515288" lon="-121.211982"><ele>1198.3720703125</ele><time>2020-03-21T16:05:06Z</time></trkpt><trkpt lat="48.515293" lon="-121.21196"><ele>1198.7191162109375</ele><time>2020-03-21T16:05:07Z</time></trkpt><trkpt lat="48.515295" lon="-121.211939"><ele>1198.20703125</ele><time>2020-03-21T16:05:08Z</time></trkpt><trkpt lat="48.515298" lon="-121.211865"><ele>1204.422607421875</ele><time>2020-03-21T16:05:15Z</time></trkpt><trkpt lat="48.515279" lon="-121.211802"><ele>1206.518310546875</ele><time>2020-03-21T16:05:20Z</time></trkpt><trkpt lat="48.515295" lon="-121.211734"><ele>1209.870849609375</ele><time>2020-03-21T16:05:24Z</time></trkpt><trkpt lat="48.515292" lon="-121.211707"><ele>1211.9375</ele><time>2020-03-21T16:05:25Z</time></trkpt><trkpt lat="48.515289" lon="-121.211684"><ele>1214.83740234375</ele><time>2020-03-21T16:05:26Z</time></trkpt><trkpt lat="48.515301" lon="-121.211646"><ele>1214.3812255859375</ele><time>2020-03-21T16:05:30Z</time></trkpt><trkpt lat="48.515364" lon="-121.211602"><ele>1216.0810546875</ele><time>2020-03-21T16:06:21Z</time></trkpt><trkpt lat="48.515373" lon="-121.211555"><ele>1213.122314453125</ele><time>2020-03-21T16:06:24Z</time></trkpt><trkpt lat="48.515345" lon="-121.211512"><ele>1216.4158935546875</ele><time>2020-03-21T16:06:26Z</time></trkpt><trkpt lat="48.515326" lon="-121.21149"><ele>1217.2440185546875</ele><time>2020-03-21T16:06:27Z</time></trkpt><trkpt lat="48.5153" lon="-121.21145"><ele>1220.758056640625</ele><time>2020-03-21T16:06:30Z</time></trkpt><trkpt lat="48.515302" lon="-121.211379"><ele>1218.9383544921875</ele><time>2020-03-21T16:06:37Z</time></trkpt><trkpt lat="48.515283" lon="-121.21133"><ele>1219.0474853515625</ele><time>2020-03-21T16:06:41Z</time></trkpt><trkpt lat="48.515304" lon="-121.211303"><ele>1218.8045654296875</ele><time>2020-03-21T16:06:47Z</time></trkpt><trkpt lat="48.51533" lon="-121.211293"><ele>1218.1998291015625</ele><time>2020-03-21T16:07:24Z</time></trkpt><trkpt lat="48.51533" lon="-121.211293"><ele>1218.1943359375</ele><time>2020-03-21T16:07:25Z</time></trkpt><trkpt lat="48.515341" lon="-121.211261"><ele>1219.268798828125</ele><time>2020-03-21T16:07:28Z</time></trkpt><trkpt lat="48.51541" lon="-121.211207"><ele>1217.0318603515625</ele><time>2020-03-21T16:07:33Z</time></trkpt><trkpt lat="48.51543" lon="-121.211147"><ele>1219.8790283203125</ele><time>2020-03-21T16:07:36Z</time></trkpt><trkpt lat="48.515436" lon="-121.211138"><ele>1220.8077392578125</ele><time>2020-03-21T16:07:37Z</time></trkpt><trkpt lat="48.515456" lon="-121.211106"><ele>1223.5638427734375</ele><time>2020-03-21T16:08:23Z</time></trkpt><trkpt lat="48.515457" lon="-121.21107"><ele>1220.67236328125</ele><time>2020-03-21T16:08:25Z</time></trkpt><trkpt lat="48.51543" lon="-121.210899"><ele>1221.49169921875</ele><time>2020-03-21T16:08:31Z</time></trkpt><trkpt lat="48.515433" lon="-121.210882"><ele>1221.2105712890625</ele><time>2020-03-21T16:08:32Z</time></trkpt><trkpt lat="48.51542" lon="-121.210731"><ele>1217.9298095703125</ele><time>2020-03-21T16:09:29Z</time></trkpt><trkpt lat="48.515451" lon="-121.210634"><ele>1215.5579833984375</ele><time>2020-03-21T16:09:39Z</time></trkpt><trkpt lat="48.515445" lon="-121.210629"><ele>1215.076416015625</ele><time>2020-03-21T16:09:40Z</time></trkpt><trkpt lat="48.515444" lon="-121.210597"><ele>1218.3560791015625</ele><time>2020-03-21T16:09:53Z</time></trkpt><trkpt lat="48.515555" lon="-121.210552"><ele>1228.3731689453125</ele><time>2020-03-21T16:09:58Z</time></trkpt><trkpt lat="48.515565" lon="-121.210523"><ele>1228.0712890625</ele><time>2020-03-21T16:10:01Z</time></trkpt><trkpt lat="48.515561" lon="-121.21045"><ele>1230.125732421875</ele><time>2020-03-21T16:10:11Z</time></trkpt><trkpt lat="48.515584" lon="-121.210413"><ele>1231.962890625</ele><time>2020-03-21T16:10:14Z</time></trkpt><trkpt lat="48.515592" lon="-121.2104"><ele>1230.047607421875</ele><time>2020-03-21T16:10:15Z</time></trkpt><trkpt lat="48.515713" lon="-121.21026"><ele>1236.51318359375</ele><time>2020-03-21T16:10:25Z</time></trkpt><trkpt lat="48.515742" lon="-121.210096"><ele>1242.0013427734375</ele><time>2020-03-21T16:10:35Z</time></trkpt><trkpt lat="48.515745" lon="-121.21008"><ele>1242.1485595703125</ele><time>2020-03-21T16:10:36Z</time></trkpt><trkpt lat="48.515738" lon="-121.209954"><ele>1243.775390625</ele><time>2020-03-21T16:10:47Z</time></trkpt><trkpt lat="48.515706" lon="-121.209872"><ele>1242.523193359375</ele><time>2020-03-21T16:10:52Z</time></trkpt><trkpt lat="48.515724" lon="-121.20983"><ele>1243.75341796875</ele><time>2020-03-21T16:10:56Z</time></trkpt><trkpt lat="48.51573" lon="-121.209829"><ele>1243.8770751953125</ele><time>2020-03-21T16:10:57Z</time></trkpt><trkpt lat="48.515739" lon="-121.209827"><ele>1243.474609375</ele><time>2020-03-21T16:10:58Z</time></trkpt><trkpt lat="48.515754" lon="-121.209794"><ele>1239.8544921875</ele><time>2020-03-21T16:11:02Z</time></trkpt><trkpt lat="48.51576" lon="-121.209725"><ele>1247.3746337890625</ele><time>2020-03-21T16:11:14Z</time></trkpt><trkpt lat="48.515779" lon="-121.209713"><ele>1248.3489990234375</ele><time>2020-03-21T16:11:16Z</time></trkpt><trkpt lat="48.515779" lon="-121.209695"><ele>1248.9364013671875</ele><time>2020-03-21T16:11:17Z</time></trkpt><trkpt lat="48.51575" lon="-121.209658"><ele>1249.7576904296875</ele><time>2020-03-21T16:11:19Z</time></trkpt><trkpt lat="48.515777" lon="-121.209666"><ele>1244.437744140625</ele><time>2020-03-21T16:11:28Z</time></trkpt><trkpt lat="48.515786" lon="-121.209668"><ele>1243.8492431640625</ele><time>2020-03-21T16:11:29Z</time></trkpt><trkpt lat="48.515818" lon="-121.209671"><ele>1244.4400634765625</ele><time>2020-03-21T16:11:34Z</time></trkpt><trkpt lat="48.51581" lon="-121.209651"><ele>1244.95703125</ele><time>2020-03-21T16:11:39Z</time></trkpt><trkpt lat="48.515755" lon="-121.209597"><ele>1241.62744140625</ele><time>2020-03-21T16:11:44Z</time></trkpt><trkpt lat="48.515744" lon="-121.209568"><ele>1242.849853515625</ele><time>2020-03-21T16:11:47Z</time></trkpt><trkpt lat="48.515748" lon="-121.209528"><ele>1244.6119384765625</ele><time>2020-03-21T16:11:55Z</time></trkpt><trkpt lat="48.51575" lon="-121.209522"><ele>1245.0382080078125</ele><time>2020-03-21T16:11:56Z</time></trkpt><trkpt lat="48.515776" lon="-121.209485"><ele>1248.4774169921875</ele><time>2020-03-21T16:12:02Z</time></trkpt><trkpt lat="48.515745" lon="-121.209427"><ele>1249.548095703125</ele><time>2020-03-21T16:12:15Z</time></trkpt><trkpt lat="48.51571" lon="-121.20939"><ele>1252.7279052734375</ele><time>2020-03-21T16:12:30Z</time></trkpt><trkpt lat="48.515712" lon="-121.209352"><ele>1254.577880859375</ele><time>2020-03-21T16:12:37Z</time></trkpt><trkpt lat="48.515691" lon="-121.209325"><ele>1257.9547119140625</ele><time>2020-03-21T16:12:47Z</time></trkpt><trkpt lat="48.515692" lon="-121.209319"><ele>1259.550048828125</ele><time>2020-03-21T16:12:48Z</time></trkpt><trkpt lat="48.51565" lon="-121.209274"><ele>1261.0523681640625</ele><time>2020-03-21T16:13:07Z</time></trkpt><trkpt lat="48.515615" lon="-121.209212"><ele>1266.4134521484375</ele><time>2020-03-21T16:13:15Z</time></trkpt><trkpt lat="48.515628" lon="-121.209184"><ele>1268.475830078125</ele><time>2020-03-21T16:13:25Z</time></trkpt><trkpt lat="48.515652" lon="-121.209168"><ele>1266.4969482421875</ele><time>2020-03-21T16:13:31Z</time></trkpt><trkpt lat="48.515654" lon="-121.209123"><ele>1265.2847900390625</ele><time>2020-03-21T16:13:35Z</time></trkpt><trkpt lat="48.515655" lon="-121.209116"><ele>1264.5184326171875</ele><time>2020-03-21T16:13:36Z</time></trkpt><trkpt lat="48.515673" lon="-121.209077"><ele>1266.391357421875</ele><time>2020-03-21T16:13:41Z</time></trkpt><trkpt lat="48.515693" lon="-121.209056"><ele>1269.7222900390625</ele><time>2020-03-21T16:13:48Z</time></trkpt><trkpt lat="48.51569" lon="-121.209017"><ele>1267.54541015625</ele><time>2020-03-21T16:13:54Z</time></trkpt><trkpt lat="48.515645" lon="-121.208967"><ele>1266.9305419921875</ele><time>2020-03-21T16:13:58Z</time></trkpt><trkpt lat="48.515629" lon="-121.208928"><ele>1267.3468017578125</ele><time>2020-03-21T16:14:01Z</time></trkpt><trkpt lat="48.515624" lon="-121.208919"><ele>1268.0455322265625</ele><time>2020-03-21T16:14:02Z</time></trkpt><trkpt lat="48.515618" lon="-121.20891"><ele>1267.36181640625</ele><time>2020-03-21T16:14:03Z</time></trkpt><trkpt lat="48.515636" lon="-121.20891"><ele>1273.2220458984375</ele><time>2020-03-21T16:14:10Z</time></trkpt><trkpt lat="48.515657" lon="-121.208927"><ele>1275.489990234375</ele><time>2020-03-21T16:14:14Z</time></trkpt><trkpt lat="48.515657" lon="-121.208896"><ele>1269.66650390625</ele><time>2020-03-21T16:14:51Z</time></trkpt><trkpt lat="48.515643" lon="-121.208863"><ele>1268.306884765625</ele><time>2020-03-21T16:14:54Z</time></trkpt><trkpt lat="48.515651" lon="-121.208797"><ele>1267.4874267578125</ele><time>2020-03-21T16:15:01Z</time></trkpt><trkpt lat="48.515645" lon="-121.208749"><ele>1266.7860107421875</ele><time>2020-03-21T16:15:07Z</time></trkpt><trkpt lat="48.515646" lon="-121.208742"><ele>1267.5364990234375</ele><time>2020-03-21T16:15:08Z</time></trkpt><trkpt lat="48.515656" lon="-121.208699"><ele>1273.3922119140625</ele><time>2020-03-21T16:15:15Z</time></trkpt><trkpt lat="48.515647" lon="-121.20865"><ele>1269.0130615234375</ele><time>2020-03-21T16:15:21Z</time></trkpt><trkpt lat="48.515591" lon="-121.208603"><ele>1270.520751953125</ele><time>2020-03-21T16:15:26Z</time></trkpt><trkpt lat="48.515565" lon="-121.208535"><ele>1268.802734375</ele><time>2020-03-21T16:15:33Z</time></trkpt><trkpt lat="48.515564" lon="-121.208527"><ele>1268.9542236328125</ele><time>2020-03-21T16:15:34Z</time></trkpt><trkpt lat="48.515545" lon="-121.208448"><ele>1268.931884765625</ele><time>2020-03-21T16:15:42Z</time></trkpt><trkpt lat="48.515499" lon="-121.208383"><ele>1266.295654296875</ele><time>2020-03-21T16:15:47Z</time></trkpt><trkpt lat="48.515483" lon="-121.208307"><ele>1269.7969970703125</ele><time>2020-03-21T16:15:58Z</time></trkpt><trkpt lat="48.515474" lon="-121.208297"><ele>1269.775634765625</ele><time>2020-03-21T16:15:59Z</time></trkpt><trkpt lat="48.515429" lon="-121.208263"><ele>1268.3489990234375</ele><time>2020-03-21T16:16:05Z</time></trkpt><trkpt lat="48.515455" lon="-121.208272"><ele>1271.072509765625</ele><time>2020-03-21T16:16:11Z</time></trkpt><trkpt lat="48.515431" lon="-121.208209"><ele>1275.5406494140625</ele><time>2020-03-21T16:16:47Z</time></trkpt><trkpt lat="48.515421" lon="-121.20814"><ele>1273.59326171875</ele><time>2020-03-21T16:16:53Z</time></trkpt><trkpt lat="48.515412" lon="-121.208127"><ele>1273.5330810546875</ele><time>2020-03-21T16:16:54Z</time></trkpt><trkpt lat="48.515365" lon="-121.208084"><ele>1277.0242919921875</ele><time>2020-03-21T16:17:09Z</time></trkpt><trkpt lat="48.515337" lon="-121.208025"><ele>1280.2496337890625</ele><time>2020-03-21T16:17:22Z</time></trkpt><trkpt lat="48.51529" lon="-121.208006"><ele>1282.1343994140625</ele><time>2020-03-21T16:17:41Z</time></trkpt><trkpt lat="48.515302" lon="-121.207977"><ele>1286.474365234375</ele><time>2020-03-21T16:17:59Z</time></trkpt><trkpt lat="48.515313" lon="-121.207974"><ele>1287.9796142578125</ele><time>2020-03-21T16:18:00Z</time></trkpt><trkpt lat="48.515318" lon="-121.207975"><ele>1287.2100830078125</ele><time>2020-03-21T16:18:01Z</time></trkpt><trkpt lat="48.515294" lon="-121.207982"><ele>1286.6231689453125</ele><time>2020-03-21T16:18:10Z</time></trkpt><trkpt lat="48.515311" lon="-121.207957"><ele>1288.6243896484375</ele><time>2020-03-21T16:18:28Z</time></trkpt><trkpt lat="48.515302" lon="-121.20792"><ele>1290.0523681640625</ele><time>2020-03-21T16:18:32Z</time></trkpt><trkpt lat="48.51528" lon="-121.207901"><ele>1289.301513671875</ele><time>2020-03-21T16:18:35Z</time></trkpt><trkpt lat="48.515214" lon="-121.207899"><ele>1287.552978515625</ele><time>2020-03-21T16:18:39Z</time></trkpt><trkpt lat="48.515211" lon="-121.207904"><ele>1289.577392578125</ele><time>2020-03-21T16:18:40Z</time></trkpt><trkpt lat="48.515306" lon="-121.207769"><ele>1300.8685302734375</ele><time>2020-03-21T16:19:14Z</time></trkpt><trkpt lat="48.515305" lon="-121.207743"><ele>1301.531494140625</ele><time>2020-03-21T16:19:17Z</time></trkpt><trkpt lat="48.51524" lon="-121.207671"><ele>1302.8526611328125</ele><time>2020-03-21T16:19:23Z</time></trkpt><trkpt lat="48.515228" lon="-121.207619"><ele>1301.786865234375</ele><time>2020-03-21T16:19:26Z</time></trkpt><trkpt lat="48.515221" lon="-121.207601"><ele>1301.33935546875</ele><time>2020-03-21T16:19:27Z</time></trkpt><trkpt lat="48.515223" lon="-121.207529"><ele>1298.5955810546875</ele><time>2020-03-21T16:19:33Z</time></trkpt><trkpt lat="48.515193" lon="-121.207476"><ele>1294.2275390625</ele><time>2020-03-21T16:19:39Z</time></trkpt><trkpt lat="48.515204" lon="-121.207441"><ele>1301.34765625</ele><time>2020-03-21T16:19:45Z</time></trkpt><trkpt lat="48.515227" lon="-121.207418"><ele>1300.12158203125</ele><time>2020-03-21T16:19:47Z</time></trkpt><trkpt lat="48.515229" lon="-121.207398"><ele>1299.9163818359375</ele><time>2020-03-21T16:19:48Z</time></trkpt><trkpt lat="48.515215" lon="-121.207297"><ele>1303.06103515625</ele><time>2020-03-21T16:19:54Z</time></trkpt><trkpt lat="48.515192" lon="-121.207247"><ele>1302.5513916015625</ele><time>2020-03-21T16:19:57Z</time></trkpt><trkpt lat="48.515192" lon="-121.207208"><ele>1302.1287841796875</ele><time>2020-03-21T16:20:00Z</time></trkpt><trkpt lat="48.515215" lon="-121.207154"><ele>1306.0892333984375</ele><time>2020-03-21T16:20:06Z</time></trkpt><trkpt lat="48.51521" lon="-121.20714"><ele>1305.966552734375</ele><time>2020-03-21T16:20:07Z</time></trkpt><trkpt lat="48.515201" lon="-121.207121"><ele>1305.22412109375</ele><time>2020-03-21T16:20:08Z</time></trkpt><trkpt lat="48.515124" lon="-121.207044"><ele>1302.8504638671875</ele><time>2020-03-21T16:20:15Z</time></trkpt><trkpt lat="48.515114" lon="-121.207017"><ele>1302.9571533203125</ele><time>2020-03-21T16:20:18Z</time></trkpt><trkpt lat="48.515123" lon="-121.206983"><ele>1306.2308349609375</ele><time>2020-03-21T16:20:23Z</time></trkpt><trkpt lat="48.515094" lon="-121.206918"><ele>1305.8353271484375</ele><time>2020-03-21T16:20:37Z</time></trkpt><trkpt lat="48.515091" lon="-121.206912"><ele>1305.4229736328125</ele><time>2020-03-21T16:20:38Z</time></trkpt><trkpt lat="48.515082" lon="-121.206845"><ele>1303.1981201171875</ele><time>2020-03-21T16:20:47Z</time></trkpt><trkpt lat="48.515059" lon="-121.206828"><ele>1307.6480712890625</ele><time>2020-03-21T16:21:09Z</time></trkpt><trkpt lat="48.515068" lon="-121.206758"><ele>1313.74267578125</ele><time>2020-03-21T16:21:15Z</time></trkpt><trkpt lat="48.515054" lon="-121.206724"><ele>1311.1290283203125</ele><time>2020-03-21T16:21:18Z</time></trkpt><trkpt lat="48.515014" lon="-121.206701"><ele>1309.2669677734375</ele><time>2020-03-21T16:21:21Z</time></trkpt><trkpt lat="48.514998" lon="-121.206686"><ele>1309.7734375</ele><time>2020-03-21T16:21:22Z</time></trkpt><trkpt lat="48.514941" lon="-121.206632"><ele>1306.5252685546875</ele><time>2020-03-21T16:21:26Z</time></trkpt><trkpt lat="48.514929" lon="-121.206598"><ele>1306.006103515625</ele><time>2020-03-21T16:21:28Z</time></trkpt><trkpt lat="48.514932" lon="-121.206564"><ele>1305.225830078125</ele><time>2020-03-21T16:21:31Z</time></trkpt><trkpt lat="48.514909" lon="-121.20655"><ele>1304.3878173828125</ele><time>2020-03-21T16:21:34Z</time></trkpt><trkpt lat="48.514916" lon="-121.206501"><ele>1305.94970703125</ele><time>2020-03-21T16:21:41Z</time></trkpt><trkpt lat="48.51492" lon="-121.206489"><ele>1306.23046875</ele><time>2020-03-21T16:21:42Z</time></trkpt><trkpt lat="48.514904" lon="-121.206439"><ele>1302.9920654296875</ele><time>2020-03-21T16:21:45Z</time></trkpt><trkpt lat="48.514914" lon="-121.206382"><ele>1308.5848388671875</ele><time>2020-03-21T16:21:51Z</time></trkpt><trkpt lat="48.514932" lon="-121.206357"><ele>1313.137939453125</ele><time>2020-03-21T16:21:54Z</time></trkpt><trkpt lat="48.514981" lon="-121.206371"><ele>1316.169921875</ele><time>2020-03-21T16:22:07Z</time></trkpt><trkpt lat="48.514994" lon="-121.20627"><ele>1315.941162109375</ele><time>2020-03-21T16:22:21Z</time></trkpt><trkpt lat="48.514989" lon="-121.206254"><ele>1314.8228759765625</ele><time>2020-03-21T16:22:22Z</time></trkpt><trkpt lat="48.514983" lon="-121.206237"><ele>1314.230224609375</ele><time>2020-03-21T16:22:23Z</time></trkpt><trkpt lat="48.514909" lon="-121.206104"><ele>1314.0765380859375</ele><time>2020-03-21T16:22:34Z</time></trkpt><trkpt lat="48.514892" lon="-121.206029"><ele>1318.2071533203125</ele><time>2020-03-21T16:22:40Z</time></trkpt><trkpt lat="48.514896" lon="-121.206021"><ele>1317.6590576171875</ele><time>2020-03-21T16:22:41Z</time></trkpt><trkpt lat="48.514871" lon="-121.205912"><ele>1316.237060546875</ele><time>2020-03-21T16:22:50Z</time></trkpt><trkpt lat="48.514818" lon="-121.205809"><ele>1312.8406982421875</ele><time>2020-03-21T16:23:20Z</time></trkpt><trkpt lat="48.514816" lon="-121.205795"><ele>1314.80810546875</ele><time>2020-03-21T16:23:21Z</time></trkpt><trkpt lat="48.514877" lon="-121.20572"><ele>1322.5284423828125</ele><time>2020-03-21T16:23:29Z</time></trkpt><trkpt lat="48.514897" lon="-121.205711"><ele>1325.619873046875</ele><time>2020-03-21T16:23:31Z</time></trkpt><trkpt lat="48.514901" lon="-121.205671"><ele>1325.8092041015625</ele><time>2020-03-21T16:23:37Z</time></trkpt><trkpt lat="48.514887" lon="-121.205642"><ele>1324.81396484375</ele><time>2020-03-21T16:23:40Z</time></trkpt><trkpt lat="48.514903" lon="-121.205611"><ele>1327.5364990234375</ele><time>2020-03-21T16:23:44Z</time></trkpt><trkpt lat="48.514918" lon="-121.205606"><ele>1329.4354248046875</ele><time>2020-03-21T16:23:45Z</time></trkpt><trkpt lat="48.514923" lon="-121.205604"><ele>1330.282470703125</ele><time>2020-03-21T16:23:46Z</time></trkpt><trkpt lat="48.514889" lon="-121.20556"><ele>1327.7880859375</ele><time>2020-03-21T16:23:51Z</time></trkpt><trkpt lat="48.51489" lon="-121.205525"><ele>1330.2066650390625</ele><time>2020-03-21T16:23:55Z</time></trkpt><trkpt lat="48.514944" lon="-121.205484"><ele>1338.6689453125</ele><time>2020-03-21T16:24:00Z</time></trkpt><trkpt lat="48.514959" lon="-121.205454"><ele>1339.6463623046875</ele><time>2020-03-21T16:24:03Z</time></trkpt><trkpt lat="48.514955" lon="-121.20544"><ele>1337.4521484375</ele><time>2020-03-21T16:24:04Z</time></trkpt><trkpt lat="48.51495" lon="-121.205426"><ele>1336.0679931640625</ele><time>2020-03-21T16:24:05Z</time></trkpt><trkpt lat="48.514944" lon="-121.205355"><ele>1336.365478515625</ele><time>2020-03-21T16:24:11Z</time></trkpt><trkpt lat="48.514966" lon="-121.205293"><ele>1339.9027099609375</ele><time>2020-03-21T16:24:18Z</time></trkpt><trkpt lat="48.514961" lon="-121.205257"><ele>1335.959716796875</ele><time>2020-03-21T16:24:22Z</time></trkpt><trkpt lat="48.51494" lon="-121.20524"><ele>1335.512939453125</ele><time>2020-03-21T16:24:27Z</time></trkpt><trkpt lat="48.514962" lon="-121.205225"><ele>1329.7767333984375</ele><time>2020-03-21T16:25:12Z</time></trkpt><trkpt lat="48.514962" lon="-121.20521"><ele>1330.2696533203125</ele><time>2020-03-21T16:25:13Z</time></trkpt><trkpt lat="48.514963" lon="-121.205197"><ele>1330.946533203125</ele><time>2020-03-21T16:25:14Z</time></trkpt><trkpt lat="48.514998" lon="-121.205141"><ele>1334.4283447265625</ele><time>2020-03-21T16:25:39Z</time></trkpt><trkpt lat="48.515043" lon="-121.205107"><ele>1335.036865234375</ele><time>2020-03-21T16:25:44Z</time></trkpt><trkpt lat="48.515035" lon="-121.205072"><ele>1335.6307373046875</ele><time>2020-03-21T16:25:47Z</time></trkpt><trkpt lat="48.514995" lon="-121.205011"><ele>1337.8931884765625</ele><time>2020-03-21T16:25:53Z</time></trkpt><trkpt lat="48.514991" lon="-121.204997"><ele>1338.87890625</ele><time>2020-03-21T16:25:54Z</time></trkpt><trkpt lat="48.51496" lon="-121.204939"><ele>1340.2210693359375</ele><time>2020-03-21T16:26:01Z</time></trkpt><trkpt lat="48.514944" lon="-121.204919"><ele>1342.3392333984375</ele><time>2020-03-21T16:26:08Z</time></trkpt><trkpt lat="48.514919" lon="-121.204908"><ele>1340.5384521484375</ele><time>2020-03-21T16:26:30Z</time></trkpt><trkpt lat="48.5149" lon="-121.20488"><ele>1344.89013671875</ele><time>2020-03-21T16:26:50Z</time></trkpt><trkpt lat="48.514923" lon="-121.204864"><ele>1349.6561279296875</ele><time>2020-03-21T16:27:01Z</time></trkpt><trkpt lat="48.514927" lon="-121.204823"><ele>1344.390625</ele><time>2020-03-21T16:27:29Z</time></trkpt><trkpt lat="48.514926" lon="-121.204817"><ele>1344.903076171875</ele><time>2020-03-21T16:27:30Z</time></trkpt><trkpt lat="48.514895" lon="-121.204773"><ele>1346.6461181640625</ele><time>2020-03-21T16:27:39Z</time></trkpt><trkpt lat="48.514932" lon="-121.204728"><ele>1351.7459716796875</ele><time>2020-03-21T16:27:49Z</time></trkpt><trkpt lat="48.514923" lon="-121.204698"><ele>1351.507568359375</ele><time>2020-03-21T16:27:52Z</time></trkpt><trkpt lat="48.514938" lon="-121.20463"><ele>1352.3546142578125</ele><time>2020-03-21T16:28:01Z</time></trkpt><trkpt lat="48.514965" lon="-121.204615"><ele>1356.0888671875</ele><time>2020-03-21T16:28:06Z</time></trkpt><trkpt lat="48.514968" lon="-121.204616"><ele>1356.037109375</ele><time>2020-03-21T16:28:07Z</time></trkpt><trkpt lat="48.514947" lon="-121.204549"><ele>1350.6888427734375</ele><time>2020-03-21T16:28:16Z</time></trkpt><trkpt lat="48.51493" lon="-121.204537"><ele>1348.48828125</ele><time>2020-03-21T16:28:17Z</time></trkpt><trkpt lat="48.514965" lon="-121.204503"><ele>1354.329345703125</ele><time>2020-03-21T16:28:32Z</time></trkpt><trkpt lat="48.515016" lon="-121.204482"><ele>1353.006103515625</ele><time>2020-03-21T16:28:44Z</time></trkpt><trkpt lat="48.515017" lon="-121.204474"><ele>1352.5355224609375</ele><time>2020-03-21T16:28:45Z</time></trkpt><trkpt lat="48.514986" lon="-121.204429"><ele>1352.66015625</ele><time>2020-03-21T16:28:51Z</time></trkpt><trkpt lat="48.514899" lon="-121.204357"><ele>1353.781982421875</ele><time>2020-03-21T16:29:20Z</time></trkpt><trkpt lat="48.514897" lon="-121.204312"><ele>1356.6689453125</ele><time>2020-03-21T16:29:30Z</time></trkpt><trkpt lat="48.514897" lon="-121.204303"><ele>1357.0733642578125</ele><time>2020-03-21T16:29:31Z</time></trkpt><trkpt lat="48.514898" lon="-121.204271"><ele>1358.349609375</ele><time>2020-03-21T16:29:38Z</time></trkpt><trkpt lat="48.514832" lon="-121.204234"><ele>1367.59130859375</ele><time>2020-03-21T16:30:47Z</time></trkpt><trkpt lat="48.514806" lon="-121.204227"><ele>1365.72705078125</ele><time>2020-03-21T16:31:01Z</time></trkpt><trkpt lat="48.514751" lon="-121.204253"><ele>1367.188232421875</ele><time>2020-03-21T16:31:16Z</time></trkpt><trkpt lat="48.51475" lon="-121.20425"><ele>1368.0548095703125</ele><time>2020-03-21T16:31:17Z</time></trkpt><trkpt lat="48.514718" lon="-121.204192"><ele>1370.4293212890625</ele><time>2020-03-21T16:31:26Z</time></trkpt><trkpt lat="48.514673" lon="-121.204155"><ele>1372.196533203125</ele><time>2020-03-21T16:31:38Z</time></trkpt><trkpt lat="48.514648" lon="-121.204095"><ele>1373.6090087890625</ele><time>2020-03-21T16:32:21Z</time></trkpt><trkpt lat="48.514636" lon="-121.204096"><ele>1369.849853515625</ele><time>2020-03-21T16:32:22Z</time></trkpt><trkpt lat="48.514614" lon="-121.204082"><ele>1372.2510986328125</ele><time>2020-03-21T16:32:23Z</time></trkpt><trkpt lat="48.514605" lon="-121.20407"><ele>1373.9293212890625</ele><time>2020-03-21T16:32:24Z</time></trkpt><trkpt lat="48.514592" lon="-121.204031"><ele>1376.4007568359375</ele><time>2020-03-21T16:32:29Z</time></trkpt><trkpt lat="48.514612" lon="-121.203961"><ele>1378.7601318359375</ele><time>2020-03-21T16:32:43Z</time></trkpt><trkpt lat="48.514564" lon="-121.203834"><ele>1382.5328369140625</ele><time>2020-03-21T16:33:04Z</time></trkpt><trkpt lat="48.51456" lon="-121.203823"><ele>1381.6611328125</ele><time>2020-03-21T16:33:05Z</time></trkpt><trkpt lat="48.514611" lon="-121.20362"><ele>1389.878662109375</ele><time>2020-03-21T16:33:30Z</time></trkpt><trkpt lat="48.514592" lon="-121.203578"><ele>1389.0284423828125</ele><time>2020-03-21T16:33:34Z</time></trkpt><trkpt lat="48.514589" lon="-121.20357"><ele>1391.8529052734375</ele><time>2020-03-21T16:33:35Z</time></trkpt><trkpt lat="48.514563" lon="-121.20347"><ele>1393.2958984375</ele><time>2020-03-21T16:33:53Z</time></trkpt><trkpt lat="48.514539" lon="-121.203454"><ele>1396.1551513671875</ele><time>2020-03-21T16:34:33Z</time></trkpt><trkpt lat="48.514513" lon="-121.203513"><ele>1394.1630859375</ele><time>2020-03-21T16:34:44Z</time></trkpt><trkpt lat="48.514507" lon="-121.203556"><ele>1395.9627685546875</ele><time>2020-03-21T16:34:48Z</time></trkpt><trkpt lat="48.514502" lon="-121.203565"><ele>1395.638671875</ele><time>2020-03-21T16:34:49Z</time></trkpt><trkpt lat="48.514464" lon="-121.203627"><ele>1396.2021484375</ele><time>2020-03-21T16:34:59Z</time></trkpt><trkpt lat="48.514453" lon="-121.203659"><ele>1395.680908203125</ele><time>2020-03-21T16:35:05Z</time></trkpt><trkpt lat="48.514453" lon="-121.203698"><ele>1396.8170166015625</ele><time>2020-03-21T16:35:10Z</time></trkpt><trkpt lat="48.514434" lon="-121.203723"><ele>1396.4835205078125</ele><time>2020-03-21T16:35:14Z</time></trkpt><trkpt lat="48.514409" lon="-121.203734"><ele>1397.11767578125</ele><time>2020-03-21T16:35:18Z</time></trkpt><trkpt lat="48.514381" lon="-121.203731"><ele>1398.6376953125</ele><time>2020-03-21T16:35:24Z</time></trkpt><trkpt lat="48.51437" lon="-121.203725"><ele>1397.66455078125</ele><time>2020-03-21T16:35:25Z</time></trkpt><trkpt lat="48.514346" lon="-121.203741"><ele>1400.5634765625</ele><time>2020-03-21T16:35:51Z</time></trkpt><trkpt lat="48.514321" lon="-121.203732"><ele>1396.3653564453125</ele><time>2020-03-21T16:35:53Z</time></trkpt><trkpt lat="48.514284" lon="-121.203699"><ele>1393.5416259765625</ele><time>2020-03-21T16:35:58Z</time></trkpt><trkpt lat="48.514289" lon="-121.203778"><ele>1401.7298583984375</ele><time>2020-03-21T16:36:47Z</time></trkpt><trkpt lat="48.514278" lon="-121.203794"><ele>1402.03515625</ele><time>2020-03-21T16:36:50Z</time></trkpt><trkpt lat="48.514262" lon="-121.20379"><ele>1400.851806640625</ele><time>2020-03-21T16:36:51Z</time></trkpt><trkpt lat="48.514243" lon="-121.203781"><ele>1401.9617919921875</ele><time>2020-03-21T16:36:52Z</time></trkpt><trkpt lat="48.514121" lon="-121.20376"><ele>1400.755859375</ele><time>2020-03-21T16:36:55Z</time></trkpt><trkpt lat="48.514139" lon="-121.203788"><ele>1401.2144775390625</ele><time>2020-03-21T16:37:04Z</time></trkpt><trkpt lat="48.51406" lon="-121.203882"><ele>1401.2650146484375</ele><time>2020-03-21T16:39:59Z</time></trkpt><trkpt lat="48.514048" lon="-121.20388"><ele>1401.569580078125</ele><time>2020-03-21T16:40:00Z</time></trkpt><trkpt lat="48.514036" lon="-121.20388"><ele>1402.6212158203125</ele><time>2020-03-21T16:40:01Z</time></trkpt><trkpt lat="48.514006" lon="-121.203874"><ele>1402.00537109375</ele><time>2020-03-21T16:40:04Z</time></trkpt><trkpt lat="48.513985" lon="-121.203885"><ele>1416.623779296875</ele><time>2020-03-21T16:41:47Z</time></trkpt><trkpt lat="48.51387" lon="-121.203886"><ele>1419.5513916015625</ele><time>2020-03-21T16:41:56Z</time></trkpt><trkpt lat="48.513866" lon="-121.203888"><ele>1419.41357421875</ele><time>2020-03-21T16:41:57Z</time></trkpt><trkpt lat="48.513851" lon="-121.203926"><ele>1422.120849609375</ele><time>2020-03-21T16:42:27Z</time></trkpt><trkpt lat="48.513804" lon="-121.203934"><ele>1421.802734375</ele><time>2020-03-21T16:42:53Z</time></trkpt><trkpt lat="48.513789" lon="-121.203962"><ele>1421.9263916015625</ele><time>2020-03-21T16:42:57Z</time></trkpt><trkpt lat="48.513796" lon="-121.203997"><ele>1426.5123291015625</ele><time>2020-03-21T16:49:25Z</time></trkpt><trkpt lat="48.513777" lon="-121.204018"><ele>1426.2607421875</ele><time>2020-03-21T16:49:32Z</time></trkpt><trkpt lat="48.513756" lon="-121.203988"><ele>1429.64208984375</ele><time>2020-03-21T16:49:41Z</time></trkpt><trkpt lat="48.513755" lon="-121.203983"><ele>1430.1109619140625</ele><time>2020-03-21T16:49:42Z</time></trkpt><trkpt lat="48.513671" lon="-121.203892"><ele>1441.5498046875</ele><time>2020-03-21T16:51:46Z</time></trkpt><trkpt lat="48.51366" lon="-121.203925"><ele>1445.1004638671875</ele><time>2020-03-21T16:52:07Z</time></trkpt><trkpt lat="48.513634" lon="-121.203927"><ele>1443.5184326171875</ele><time>2020-03-21T16:52:12Z</time></trkpt><trkpt lat="48.513613" lon="-121.203896"><ele>1444.166259765625</ele><time>2020-03-21T16:52:21Z</time></trkpt><trkpt lat="48.513613" lon="-121.203892"><ele>1444.885009765625</ele><time>2020-03-21T16:52:22Z</time></trkpt><trkpt lat="48.513586" lon="-121.203871"><ele>1444.3411865234375</ele><time>2020-03-21T16:52:33Z</time></trkpt><trkpt lat="48.513555" lon="-121.203815"><ele>1445.20068359375</ele><time>2020-03-21T16:52:52Z</time></trkpt><trkpt lat="48.51353" lon="-121.203824"><ele>1448.0218505859375</ele><time>2020-03-21T16:53:02Z</time></trkpt><trkpt lat="48.513522" lon="-121.203861"><ele>1447.4259033203125</ele><time>2020-03-21T16:53:14Z</time></trkpt><trkpt lat="48.513498" lon="-121.203853"><ele>1447.0286865234375</ele><time>2020-03-21T16:53:20Z</time></trkpt><trkpt lat="48.513479" lon="-121.203885"><ele>1450.3583984375</ele><time>2020-03-21T16:53:28Z</time></trkpt><trkpt lat="48.513483" lon="-121.203898"><ele>1450.7930908203125</ele><time>2020-03-21T16:53:29Z</time></trkpt><trkpt lat="48.513487" lon="-121.203908"><ele>1451.369384765625</ele><time>2020-03-21T16:53:30Z</time></trkpt><trkpt lat="48.513464" lon="-121.20398"><ele>1454.782958984375</ele><time>2020-03-21T16:53:48Z</time></trkpt><trkpt lat="48.513472" lon="-121.204015"><ele>1454.863525390625</ele><time>2020-03-21T16:54:01Z</time></trkpt><trkpt lat="48.513458" lon="-121.203991"><ele>1459.0537109375</ele><time>2020-03-21T16:54:13Z</time></trkpt><trkpt lat="48.513379" lon="-121.203976"><ele>1453.765869140625</ele><time>2020-03-21T16:54:49Z</time></trkpt><trkpt lat="48.513373" lon="-121.203981"><ele>1453.5809326171875</ele><time>2020-03-21T16:54:50Z</time></trkpt><trkpt lat="48.51332" lon="-121.204019"><ele>1457.30078125</ele><time>2020-03-21T16:55:02Z</time></trkpt><trkpt lat="48.513293" lon="-121.204025"><ele>1457.986572265625</ele><time>2020-03-21T16:55:11Z</time></trkpt><trkpt lat="48.513277" lon="-121.204006"><ele>1458.91455078125</ele><time>2020-03-21T16:55:25Z</time></trkpt><trkpt lat="48.513298" lon="-121.204026"><ele>1467.0205078125</ele><time>2020-03-21T16:55:42Z</time></trkpt><trkpt lat="48.513273" lon="-121.20402"><ele>1465.8624267578125</ele><time>2020-03-21T16:55:53Z</time></trkpt><trkpt lat="48.513249" lon="-121.203999"><ele>1463.1602783203125</ele><time>2020-03-21T16:56:01Z</time></trkpt><trkpt lat="48.513252" lon="-121.203995"><ele>1464.6351318359375</ele><time>2020-03-21T16:56:02Z</time></trkpt><trkpt lat="48.513242" lon="-121.203967"><ele>1468.6107177734375</ele><time>2020-03-21T16:56:23Z</time></trkpt><trkpt lat="48.513221" lon="-121.203964"><ele>1468.9471435546875</ele><time>2020-03-21T16:56:25Z</time></trkpt><trkpt lat="48.513228" lon="-121.20404"><ele>1474.530517578125</ele><time>2020-03-21T16:56:54Z</time></trkpt><trkpt lat="48.513206" lon="-121.204064"><ele>1475.5626220703125</ele><time>2020-03-21T16:57:00Z</time></trkpt><trkpt lat="48.513182" lon="-121.204062"><ele>1473.7633056640625</ele><time>2020-03-21T16:57:08Z</time></trkpt><trkpt lat="48.513162" lon="-121.204096"><ele>1475.5048828125</ele><time>2020-03-21T16:57:12Z</time></trkpt><trkpt lat="48.513156" lon="-121.2041"><ele>1474.663330078125</ele><time>2020-03-21T16:57:13Z</time></trkpt><trkpt lat="48.5131" lon="-121.204099"><ele>1473.3714599609375</ele><time>2020-03-21T16:57:22Z</time></trkpt><trkpt lat="48.51309" lon="-121.204064"><ele>1473.7650146484375</ele><time>2020-03-21T16:57:45Z</time></trkpt><trkpt lat="48.513106" lon="-121.204034"><ele>1474.1602783203125</ele><time>2020-03-21T16:58:01Z</time></trkpt><trkpt lat="48.513084" lon="-121.204026"><ele>1473.8787841796875</ele><time>2020-03-21T16:58:04Z</time></trkpt><trkpt lat="48.513063" lon="-121.20404"><ele>1474.93115234375</ele><time>2020-03-21T16:58:07Z</time></trkpt><trkpt lat="48.513041" lon="-121.204013"><ele>1475.33984375</ele><time>2020-03-21T16:58:12Z</time></trkpt><trkpt lat="48.513038" lon="-121.204007"><ele>1475.8939208984375</ele><time>2020-03-21T16:58:13Z</time></trkpt><trkpt lat="48.512998" lon="-121.204009"><ele>1477.39794921875</ele><time>2020-03-21T16:58:23Z</time></trkpt><trkpt lat="48.512959" lon="-121.204028"><ele>1477.002685546875</ele><time>2020-03-21T16:58:26Z</time></trkpt><trkpt lat="48.512931" lon="-121.203969"><ele>1481.5469970703125</ele><time>2020-03-21T16:58:36Z</time></trkpt><trkpt lat="48.5129" lon="-121.203962"><ele>1482.3826904296875</ele><time>2020-03-21T16:58:41Z</time></trkpt><trkpt lat="48.512896" lon="-121.203966"><ele>1482.8424072265625</ele><time>2020-03-21T16:58:42Z</time></trkpt><trkpt lat="48.512845" lon="-121.20394"><ele>1490.2274169921875</ele><time>2020-03-21T16:59:06Z</time></trkpt><trkpt lat="48.512847" lon="-121.203903"><ele>1491.632568359375</ele><time>2020-03-21T16:59:09Z</time></trkpt><trkpt lat="48.512795" lon="-121.203904"><ele>1498.5750732421875</ele><time>2020-03-21T16:59:47Z</time></trkpt><trkpt lat="48.512745" lon="-121.203934"><ele>1496.9302978515625</ele><time>2020-03-21T16:59:54Z</time></trkpt><trkpt lat="48.512736" lon="-121.203939"><ele>1495.4189453125</ele><time>2020-03-21T16:59:55Z</time></trkpt><trkpt lat="48.512703" lon="-121.203957"><ele>1494.3233642578125</ele><time>2020-03-21T16:59:59Z</time></trkpt><trkpt lat="48.512687" lon="-121.203933"><ele>1495.7349853515625</ele><time>2020-03-21T17:02:59Z</time></trkpt><trkpt lat="48.512632" lon="-121.203979"><ele>1497.6981201171875</ele><time>2020-03-21T17:03:05Z</time></trkpt><trkpt lat="48.512584" lon="-121.203998"><ele>1498.1513671875</ele><time>2020-03-21T17:03:11Z</time></trkpt><trkpt lat="48.512577" lon="-121.203998"><ele>1497.4976806640625</ele><time>2020-03-21T17:03:12Z</time></trkpt><trkpt lat="48.51253" lon="-121.204046"><ele>1498.2841796875</ele><time>2020-03-21T17:03:20Z</time></trkpt><trkpt lat="48.512498" lon="-121.204099"><ele>1499.3974609375</ele><time>2020-03-21T17:03:25Z</time></trkpt><trkpt lat="48.512475" lon="-121.204081"><ele>1500.0130615234375</ele><time>2020-03-21T17:03:30Z</time></trkpt><trkpt lat="48.512451" lon="-121.20408"><ele>1500.7958984375</ele><time>2020-03-21T17:03:34Z</time></trkpt><trkpt lat="48.512426" lon="-121.204066"><ele>1502.14697265625</ele><time>2020-03-21T17:03:39Z</time></trkpt><trkpt lat="48.512422" lon="-121.204059"><ele>1502.3192138671875</ele><time>2020-03-21T17:03:40Z</time></trkpt><trkpt lat="48.51241" lon="-121.203975"><ele>1503.0762939453125</ele><time>2020-03-21T17:03:55Z</time></trkpt><trkpt lat="48.512418" lon="-121.203865"><ele>1506.814208984375</ele><time>2020-03-21T17:04:06Z</time></trkpt><trkpt lat="48.51238" lon="-121.203804"><ele>1508.467529296875</ele><time>2020-03-21T17:04:17Z</time></trkpt><trkpt lat="48.51237" lon="-121.203795"><ele>1507.763671875</ele><time>2020-03-21T17:04:18Z</time></trkpt><trkpt lat="48.512321" lon="-121.20369"><ele>1511.9547119140625</ele><time>2020-03-21T17:04:54Z</time></trkpt><trkpt lat="48.512224" lon="-121.203661"><ele>1513.604736328125</ele><time>2020-03-21T17:05:10Z</time></trkpt><trkpt lat="48.512219" lon="-121.20366"><ele>1513.63330078125</ele><time>2020-03-21T17:05:11Z</time></trkpt><trkpt lat="48.512167" lon="-121.203632"><ele>1516.4522705078125</ele><time>2020-03-21T17:05:22Z</time></trkpt><trkpt lat="48.512148" lon="-121.203605"><ele>1515.8165283203125</ele><time>2020-03-21T17:05:42Z</time></trkpt><trkpt lat="48.512126" lon="-121.203596"><ele>1517.1810302734375</ele><time>2020-03-21T17:05:46Z</time></trkpt><trkpt lat="48.512074" lon="-121.203605"><ele>1517.8905029296875</ele><time>2020-03-21T17:05:53Z</time></trkpt><trkpt lat="48.512044" lon="-121.203568"><ele>1519.4140625</ele><time>2020-03-21T17:05:58Z</time></trkpt><trkpt lat="48.512036" lon="-121.203557"><ele>1519.999267578125</ele><time>2020-03-21T17:05:59Z</time></trkpt><trkpt lat="48.511997" lon="-121.203414"><ele>1523.861083984375</ele><time>2020-03-21T17:06:17Z</time></trkpt><trkpt lat="48.511969" lon="-121.203369"><ele>1525.0279541015625</ele><time>2020-03-21T17:06:24Z</time></trkpt><trkpt lat="48.51197" lon="-121.203324"><ele>1526.26904296875</ele><time>2020-03-21T17:06:45Z</time></trkpt><trkpt lat="48.511967" lon="-121.203321"><ele>1526.543701171875</ele><time>2020-03-21T17:06:46Z</time></trkpt><trkpt lat="48.511923" lon="-121.203288"><ele>1528.1905517578125</ele><time>2020-03-21T17:07:01Z</time></trkpt><trkpt lat="48.511891" lon="-121.203238"><ele>1529.0693359375</ele><time>2020-03-21T17:07:16Z</time></trkpt><trkpt lat="48.511891" lon="-121.203198"><ele>1528.666748046875</ele><time>2020-03-21T17:09:12Z</time></trkpt><trkpt lat="48.51184" lon="-121.203163"><ele>1532.40087890625</ele><time>2020-03-21T17:09:24Z</time></trkpt><trkpt lat="48.511834" lon="-121.20316"><ele>1531.999267578125</ele><time>2020-03-21T17:09:25Z</time></trkpt><trkpt lat="48.511746" lon="-121.203081"><ele>1537.79736328125</ele><time>2020-03-21T17:09:47Z</time></trkpt><trkpt lat="48.511731" lon="-121.203079"><ele>1538.3297119140625</ele><time>2020-03-21T17:09:50Z</time></trkpt><trkpt lat="48.511708" lon="-121.203094"><ele>1539.21484375</ele><time>2020-03-21T17:09:52Z</time></trkpt><trkpt lat="48.511678" lon="-121.203078"><ele>1539.548828125</ele><time>2020-03-21T17:10:11Z</time></trkpt><trkpt lat="48.511673" lon="-121.203072"><ele>1539.577392578125</ele><time>2020-03-21T17:10:12Z</time></trkpt><trkpt lat="48.511629" lon="-121.203036"><ele>1543.6800537109375</ele><time>2020-03-21T17:10:25Z</time></trkpt><trkpt lat="48.511584" lon="-121.203062"><ele>1548.97607421875</ele><time>2020-03-21T17:10:35Z</time></trkpt><trkpt lat="48.511558" lon="-121.203067"><ele>1547.28955078125</ele><time>2020-03-21T17:10:38Z</time></trkpt><trkpt lat="48.511536" lon="-121.203049"><ele>1545.5941162109375</ele><time>2020-03-21T17:11:03Z</time></trkpt><trkpt lat="48.511508" lon="-121.203053"><ele>1547.5042724609375</ele><time>2020-03-21T17:11:07Z</time></trkpt><trkpt lat="48.511502" lon="-121.203055"><ele>1548.01220703125</ele><time>2020-03-21T17:11:08Z</time></trkpt><trkpt lat="48.511447" lon="-121.203055"><ele>1553.261474609375</ele><time>2020-03-21T17:11:22Z</time></trkpt><trkpt lat="48.511377" lon="-121.203074"><ele>1550.744140625</ele><time>2020-03-21T17:11:32Z</time></trkpt><trkpt lat="48.511351" lon="-121.203065"><ele>1555.66259765625</ele><time>2020-03-21T17:11:42Z</time></trkpt><trkpt lat="48.511333" lon="-121.203032"><ele>1555.6328125</ele><time>2020-03-21T17:12:09Z</time></trkpt><trkpt lat="48.51133" lon="-121.203022"><ele>1556.390625</ele><time>2020-03-21T17:12:10Z</time></trkpt><trkpt lat="48.511259" lon="-121.202854"><ele>1561.050537109375</ele><time>2020-03-21T17:12:32Z</time></trkpt><trkpt lat="48.511257" lon="-121.20282"><ele>1561.095703125</ele><time>2020-03-21T17:12:37Z</time></trkpt><trkpt lat="48.511232" lon="-121.2028"><ele>1568.366455078125</ele><time>2020-03-21T17:13:48Z</time></trkpt><trkpt lat="48.511223" lon="-121.202806"><ele>1569.169921875</ele><time>2020-03-21T17:13:49Z</time></trkpt><trkpt lat="48.511197" lon="-121.202829"><ele>1567.24560546875</ele><time>2020-03-21T17:13:53Z</time></trkpt><trkpt lat="48.511184" lon="-121.202798"><ele>1568.1640625</ele><time>2020-03-21T17:13:59Z</time></trkpt><trkpt lat="48.511121" lon="-121.202734"><ele>1566.73876953125</ele><time>2020-03-21T17:14:18Z</time></trkpt><trkpt lat="48.511138" lon="-121.202706"><ele>1565.4375</ele><time>2020-03-21T17:14:28Z</time></trkpt><trkpt lat="48.511118" lon="-121.202673"><ele>1566.369140625</ele><time>2020-03-21T17:14:44Z</time></trkpt><trkpt lat="48.511115" lon="-121.202665"><ele>1566.5859375</ele><time>2020-03-21T17:14:45Z</time></trkpt><trkpt lat="48.511106" lon="-121.202621"><ele>1571.7939453125</ele><time>2020-03-21T17:14:53Z</time></trkpt><trkpt lat="48.511088" lon="-121.202591"><ele>1576.7724609375</ele><time>2020-03-21T17:15:09Z</time></trkpt><trkpt lat="48.51102" lon="-121.202618"><ele>1578.98486328125</ele><time>2020-03-21T17:15:25Z</time></trkpt><trkpt lat="48.510995" lon="-121.20262"><ele>1580.248046875</ele><time>2020-03-21T17:15:40Z</time></trkpt><trkpt lat="48.510973" lon="-121.202606"><ele>1583.28173828125</ele><time>2020-03-21T17:15:54Z</time></trkpt><trkpt lat="48.510965" lon="-121.202611"><ele>1582.82958984375</ele><time>2020-03-21T17:15:55Z</time></trkpt><trkpt lat="48.510957" lon="-121.202615"><ele>1583.03564453125</ele><time>2020-03-21T17:15:56Z</time></trkpt><trkpt lat="48.510928" lon="-121.202614"><ele>1586.259521484375</ele><time>2020-03-21T17:16:07Z</time></trkpt><trkpt lat="48.510941" lon="-121.202587"><ele>1588.406005859375</ele><time>2020-03-21T17:16:11Z</time></trkpt><trkpt lat="48.510923" lon="-121.202565"><ele>1588.298095703125</ele><time>2020-03-21T17:16:20Z</time></trkpt><trkpt lat="48.510897" lon="-121.202554"><ele>1587.591552734375</ele><time>2020-03-21T17:16:27Z</time></trkpt><trkpt lat="48.510914" lon="-121.202445"><ele>1590.443115234375</ele><time>2020-03-21T17:17:00Z</time></trkpt><trkpt lat="48.510914" lon="-121.202441"><ele>1590.61279296875</ele><time>2020-03-21T17:17:01Z</time></trkpt><trkpt lat="48.510938" lon="-121.202376"><ele>1589.733642578125</ele><time>2020-03-21T17:17:17Z</time></trkpt><trkpt lat="48.511003" lon="-121.202265"><ele>1596.807373046875</ele><time>2020-03-21T17:17:39Z</time></trkpt><trkpt lat="48.511028" lon="-121.202242"><ele>1596.9775390625</ele><time>2020-03-21T17:17:54Z</time></trkpt><trkpt lat="48.511028" lon="-121.202232"><ele>1597.77734375</ele><time>2020-03-21T17:17:55Z</time></trkpt><trkpt lat="48.511007" lon="-121.202188"><ele>1595.712890625</ele><time>2020-03-21T17:18:02Z</time></trkpt><trkpt lat="48.511015" lon="-121.202114"><ele>1595.2060546875</ele><time>2020-03-21T17:18:44Z</time></trkpt><trkpt lat="48.511002" lon="-121.20208"><ele>1594.1572265625</ele><time>2020-03-21T17:18:49Z</time></trkpt><trkpt lat="48.510953" lon="-121.202087"><ele>1598.017578125</ele><time>2020-03-21T17:19:09Z</time></trkpt><trkpt lat="48.510931" lon="-121.202109"><ele>1607.37646484375</ele><time>2020-03-21T17:19:26Z</time></trkpt><trkpt lat="48.510928" lon="-121.202115"><ele>1606.55712890625</ele><time>2020-03-21T17:19:27Z</time></trkpt><trkpt lat="48.510882" lon="-121.202091"><ele>1606.84375</ele><time>2020-03-21T17:19:36Z</time></trkpt><trkpt lat="48.510845" lon="-121.202041"><ele>1608.1015625</ele><time>2020-03-21T17:20:06Z</time></trkpt><trkpt lat="48.510782" lon="-121.202008"><ele>1611.876220703125</ele><time>2020-03-21T17:20:18Z</time></trkpt><trkpt lat="48.510778" lon="-121.201997"><ele>1610.85400390625</ele><time>2020-03-21T17:20:20Z</time></trkpt><trkpt lat="48.510777" lon="-121.201993"><ele>1610.167236328125</ele><time>2020-03-21T17:20:21Z</time></trkpt><trkpt lat="48.510732" lon="-121.201984"><ele>1610.72412109375</ele><time>2020-03-21T17:20:30Z</time></trkpt><trkpt lat="48.510706" lon="-121.201989"><ele>1611.587158203125</ele><time>2020-03-21T17:20:38Z</time></trkpt><trkpt lat="48.510683" lon="-121.20197"><ele>1612.0908203125</ele><time>2020-03-21T17:20:43Z</time></trkpt><trkpt lat="48.510658" lon="-121.201908"><ele>1612.586669921875</ele><time>2020-03-21T17:20:58Z</time></trkpt><trkpt lat="48.510634" lon="-121.201885"><ele>1613.403564453125</ele><time>2020-03-21T17:21:04Z</time></trkpt><trkpt lat="48.510629" lon="-121.201884"><ele>1613.9462890625</ele><time>2020-03-21T17:21:05Z</time></trkpt><trkpt lat="48.510602" lon="-121.201861"><ele>1612.8251953125</ele><time>2020-03-21T17:21:14Z</time></trkpt><trkpt lat="48.510604" lon="-121.201823"><ele>1619.42626953125</ele><time>2020-03-21T17:22:03Z</time></trkpt><trkpt lat="48.510591" lon="-121.201793"><ele>1620.1240234375</ele><time>2020-03-21T17:22:07Z</time></trkpt><trkpt lat="48.510571" lon="-121.201769"><ele>1620.14013671875</ele><time>2020-03-21T17:22:15Z</time></trkpt><trkpt lat="48.510504" lon="-121.201731"><ele>1619.06396484375</ele><time>2020-03-21T17:22:30Z</time></trkpt><trkpt lat="48.510501" lon="-121.201728"><ele>1619.0146484375</ele><time>2020-03-21T17:22:31Z</time></trkpt><trkpt lat="48.510472" lon="-121.201712"><ele>1620.0498046875</ele><time>2020-03-21T17:22:38Z</time></trkpt><trkpt lat="48.510437" lon="-121.201665"><ele>1622.68994140625</ele><time>2020-03-21T17:23:06Z</time></trkpt><trkpt lat="48.510422" lon="-121.201635"><ele>1623.95751953125</ele><time>2020-03-21T17:23:14Z</time></trkpt><trkpt lat="48.51042" lon="-121.201596"><ele>1626.97265625</ele><time>2020-03-21T17:23:25Z</time></trkpt><trkpt lat="48.510369" lon="-121.201563"><ele>1630.71240234375</ele><time>2020-03-21T17:24:29Z</time></trkpt><trkpt lat="48.510363" lon="-121.201562"><ele>1631.40087890625</ele><time>2020-03-21T17:24:30Z</time></trkpt><trkpt lat="48.51029" lon="-121.201537"><ele>1631.220703125</ele><time>2020-03-21T17:24:44Z</time></trkpt><trkpt lat="48.510272" lon="-121.201507"><ele>1629.581298828125</ele><time>2020-03-21T17:24:56Z</time></trkpt><trkpt lat="48.510297" lon="-121.2014"><ele>1631.553466796875</ele><time>2020-03-21T17:25:11Z</time></trkpt><trkpt lat="48.510297" lon="-121.201402"><ele>1631.14306640625</ele><time>2020-03-21T17:25:12Z</time></trkpt><trkpt lat="48.510282" lon="-121.201375"><ele>1633.86376953125</ele><time>2020-03-21T17:26:03Z</time></trkpt><trkpt lat="48.510282" lon="-121.201337"><ele>1638.287353515625</ele><time>2020-03-21T17:26:07Z</time></trkpt><trkpt lat="48.510238" lon="-121.20133"><ele>1642.5810546875</ele><time>2020-03-21T17:26:17Z</time></trkpt><trkpt lat="48.510213" lon="-121.201343"><ele>1641.625</ele><time>2020-03-21T17:26:24Z</time></trkpt><trkpt lat="48.510159" lon="-121.201332"><ele>1644.93994140625</ele><time>2020-03-21T17:26:37Z</time></trkpt><trkpt lat="48.510153" lon="-121.201333"><ele>1643.89599609375</ele><time>2020-03-21T17:26:38Z</time></trkpt><trkpt lat="48.51012" lon="-121.201339"><ele>1642.10791015625</ele><time>2020-03-21T17:26:44Z</time></trkpt><trkpt lat="48.510079" lon="-121.201382"><ele>1644.466796875</ele><time>2020-03-21T17:27:18Z</time></trkpt><trkpt lat="48.510045" lon="-121.201392"><ele>1644.07177734375</ele><time>2020-03-21T17:27:21Z</time></trkpt><trkpt lat="48.509999" lon="-121.201427"><ele>1646.00537109375</ele><time>2020-03-21T17:27:26Z</time></trkpt><trkpt lat="48.509988" lon="-121.201425"><ele>1645.9599609375</ele><time>2020-03-21T17:27:27Z</time></trkpt><trkpt lat="48.509979" lon="-121.201419"><ele>1646.00146484375</ele><time>2020-03-21T17:27:28Z</time></trkpt><trkpt lat="48.509956" lon="-121.201407"><ele>1647.56201171875</ele><time>2020-03-21T17:27:41Z</time></trkpt><trkpt lat="48.509909" lon="-121.201409"><ele>1656.456298828125</ele><time>2020-03-21T17:28:41Z</time></trkpt><trkpt lat="48.509848" lon="-121.20147"><ele>1659.958984375</ele><time>2020-03-21T17:28:50Z</time></trkpt><trkpt lat="48.509823" lon="-121.201441"><ele>1660.646240234375</ele><time>2020-03-21T17:29:08Z</time></trkpt><trkpt lat="48.509818" lon="-121.201438"><ele>1660.9169921875</ele><time>2020-03-21T17:29:09Z</time></trkpt><trkpt lat="48.509801" lon="-121.201399"><ele>1662.365234375</ele><time>2020-03-21T17:29:16Z</time></trkpt><trkpt lat="48.509758" lon="-121.201365"><ele>1662.66455078125</ele><time>2020-03-21T17:29:50Z</time></trkpt><trkpt lat="48.509727" lon="-121.201305"><ele>1662.3037109375</ele><time>2020-03-21T17:30:36Z</time></trkpt><trkpt lat="48.509683" lon="-121.201258"><ele>1659.68798828125</ele><time>2020-03-21T17:30:48Z</time></trkpt><trkpt lat="48.50968" lon="-121.201253"><ele>1659.31884765625</ele><time>2020-03-21T17:30:49Z</time></trkpt><trkpt lat="48.509644" lon="-121.201193"><ele>1660.6708984375</ele><time>2020-03-21T17:31:01Z</time></trkpt><trkpt lat="48.509583" lon="-121.201147"><ele>1662.400390625</ele><time>2020-03-21T17:31:17Z</time></trkpt><trkpt lat="48.509532" lon="-121.201155"><ele>1665.083984375</ele><time>2020-03-21T17:31:35Z</time></trkpt><trkpt lat="48.509527" lon="-121.201154"><ele>1663.84912109375</ele><time>2020-03-21T17:31:36Z</time></trkpt><trkpt lat="48.509505" lon="-121.201134"><ele>1667.50634765625</ele><time>2020-03-21T17:32:17Z</time></trkpt><trkpt lat="48.50947" lon="-121.201128"><ele>1667.575927734375</ele><time>2020-03-21T17:32:21Z</time></trkpt><trkpt lat="48.509405" lon="-121.20114"><ele>1668.320068359375</ele><time>2020-03-21T17:32:30Z</time></trkpt><trkpt lat="48.509372" lon="-121.201133"><ele>1667.60205078125</ele><time>2020-03-21T17:32:34Z</time></trkpt><trkpt lat="48.509366" lon="-121.20113"><ele>1667.447021484375</ele><time>2020-03-21T17:32:35Z</time></trkpt><trkpt lat="48.509312" lon="-121.201132"><ele>1668.89501953125</ele><time>2020-03-21T17:32:44Z</time></trkpt><trkpt lat="48.509293" lon="-121.201155"><ele>1668.243408203125</ele><time>2020-03-21T17:32:47Z</time></trkpt><trkpt lat="48.509294" lon="-121.201182"><ele>1676.373046875</ele><time>2020-03-21T17:33:02Z</time></trkpt><trkpt lat="48.509244" lon="-121.201277"><ele>1676.76318359375</ele><time>2020-03-21T17:33:12Z</time></trkpt><trkpt lat="48.50924" lon="-121.201289"><ele>1676.673095703125</ele><time>2020-03-21T17:33:13Z</time></trkpt><trkpt lat="48.509178" lon="-121.20138"><ele>1674.678955078125</ele><time>2020-03-21T17:33:28Z</time></trkpt><trkpt lat="48.509139" lon="-121.201481"><ele>1676.818603515625</ele><time>2020-03-21T17:33:40Z</time></trkpt><trkpt lat="48.509138" lon="-121.201488"><ele>1675.6845703125</ele><time>2020-03-21T17:33:41Z</time></trkpt><trkpt lat="48.509093" lon="-121.201588"><ele>1678.23193359375</ele><time>2020-03-21T17:33:54Z</time></trkpt><trkpt lat="48.50909" lon="-121.201651"><ele>1679.6171875</ele><time>2020-03-21T17:34:01Z</time></trkpt><trkpt lat="48.509055" lon="-121.201712"><ele>1679.68310546875</ele><time>2020-03-21T17:34:09Z</time></trkpt><trkpt lat="48.509053" lon="-121.201723"><ele>1681.11865234375</ele><time>2020-03-21T17:34:10Z</time></trkpt><trkpt lat="48.508932" lon="-121.201923"><ele>1681.86328125</ele><time>2020-03-21T17:34:35Z</time></trkpt><trkpt lat="48.508926" lon="-121.201934"><ele>1682.7607421875</ele><time>2020-03-21T17:34:36Z</time></trkpt><trkpt lat="48.508867" lon="-121.202182"><ele>1688.93701171875</ele><time>2020-03-21T17:35:03Z</time></trkpt><trkpt lat="48.508866" lon="-121.202189"><ele>1689.544677734375</ele><time>2020-03-21T17:35:04Z</time></trkpt><trkpt lat="48.508789" lon="-121.202297"><ele>1681.053466796875</ele><time>2020-03-21T17:35:21Z</time></trkpt><trkpt lat="48.508762" lon="-121.202368"><ele>1683.75634765625</ele><time>2020-03-21T17:35:41Z</time></trkpt><trkpt lat="48.508762" lon="-121.202373"><ele>1683.614013671875</ele><time>2020-03-21T17:35:42Z</time></trkpt><trkpt lat="48.508785" lon="-121.202384"><ele>1685.12841796875</ele><time>2020-03-21T17:35:52Z</time></trkpt><trkpt lat="48.508799" lon="-121.202415"><ele>1686.05078125</ele><time>2020-03-21T17:36:06Z</time></trkpt><trkpt lat="48.508795" lon="-121.202438"><ele>1685.709228515625</ele><time>2020-03-21T17:36:08Z</time></trkpt><trkpt lat="48.508781" lon="-121.20247"><ele>1684.5302734375</ele><time>2020-03-21T17:36:11Z</time></trkpt><trkpt lat="48.50874" lon="-121.202518"><ele>1686.9912109375</ele><time>2020-03-21T17:36:21Z</time></trkpt><trkpt lat="48.508713" lon="-121.202532"><ele>1671.14111328125</ele><time>2020-03-21T17:36:24Z</time></trkpt><trkpt lat="48.508698" lon="-121.20254"><ele>1674.439697265625</ele><time>2020-03-21T17:36:25Z</time></trkpt><trkpt lat="48.508667" lon="-121.20257"><ele>1681.645751953125</ele><time>2020-03-21T17:36:36Z</time></trkpt><trkpt lat="48.508644" lon="-121.20263"><ele>1681.113525390625</ele><time>2020-03-21T17:36:47Z</time></trkpt><trkpt lat="48.508585" lon="-121.202694"><ele>1679.58056640625</ele><time>2020-03-21T17:36:57Z</time></trkpt><trkpt lat="48.508565" lon="-121.20273"><ele>1681.388671875</ele><time>2020-03-21T17:37:00Z</time></trkpt><trkpt lat="48.508557" lon="-121.20274"><ele>1679.05810546875</ele><time>2020-03-21T17:37:01Z</time></trkpt><trkpt lat="48.508484" lon="-121.202856"><ele>1678.68212890625</ele><time>2020-03-21T17:37:15Z</time></trkpt><trkpt lat="48.508454" lon="-121.202949"><ele>1679.98876953125</ele><time>2020-03-21T17:37:32Z</time></trkpt><trkpt lat="48.508451" lon="-121.202955"><ele>1681.6142578125</ele><time>2020-03-21T17:37:33Z</time></trkpt><trkpt lat="48.508441" lon="-121.202991"><ele>1678.40087890625</ele><time>2020-03-21T17:37:36Z</time></trkpt><trkpt lat="48.508393" lon="-121.203079"><ele>1675.42333984375</ele><time>2020-03-21T17:37:47Z</time></trkpt><trkpt lat="48.508375" lon="-121.20313"><ele>1677.23681640625</ele><time>2020-03-21T17:37:52Z</time></trkpt><trkpt lat="48.508372" lon="-121.203175"><ele>1679.45263671875</ele><time>2020-03-21T17:37:56Z</time></trkpt><trkpt lat="48.508373" lon="-121.203186"><ele>1679.669189453125</ele><time>2020-03-21T17:37:57Z</time></trkpt><trkpt lat="48.508332" lon="-121.203292"><ele>1682.494140625</ele><time>2020-03-21T17:38:06Z</time></trkpt><trkpt lat="48.508284" lon="-121.203382"><ele>1680.17138671875</ele><time>2020-03-21T17:38:17Z</time></trkpt><trkpt lat="48.508255" lon="-121.203406"><ele>1677.37548828125</ele><time>2020-03-21T17:38:23Z</time></trkpt><trkpt lat="48.508251" lon="-121.203414"><ele>1679.259521484375</ele><time>2020-03-21T17:38:24Z</time></trkpt><trkpt lat="48.508217" lon="-121.203506"><ele>1680.498291015625</ele><time>2020-03-21T17:38:32Z</time></trkpt><trkpt lat="48.508224" lon="-121.203609"><ele>1683.950439453125</ele><time>2020-03-21T17:38:40Z</time></trkpt><trkpt lat="48.508213" lon="-121.203647"><ele>1682.00732421875</ele><time>2020-03-21T17:38:43Z</time></trkpt><trkpt lat="48.50821" lon="-121.203656"><ele>1681.8330078125</ele><time>2020-03-21T17:38:44Z</time></trkpt><trkpt lat="48.5082" lon="-121.203697"><ele>1676.6142578125</ele><time>2020-03-21T17:38:49Z</time></trkpt><trkpt lat="48.508161" lon="-121.203737"><ele>1683.70458984375</ele><time>2020-03-21T17:38:54Z</time></trkpt><trkpt lat="48.508116" lon="-121.203878"><ele>1676.166015625</ele><time>2020-03-21T17:39:07Z</time></trkpt><trkpt lat="48.508113" lon="-121.203889"><ele>1678.10986328125</ele><time>2020-03-21T17:39:08Z</time></trkpt><trkpt lat="48.508071" lon="-121.204004"><ele>1682.9306640625</ele><time>2020-03-21T17:39:23Z</time></trkpt><trkpt lat="48.507992" lon="-121.204076"><ele>1678.4697265625</ele><time>2020-03-21T17:39:32Z</time></trkpt><trkpt lat="48.507982" lon="-121.204088"><ele>1677.94580078125</ele><time>2020-03-21T17:39:33Z</time></trkpt><trkpt lat="48.507964" lon="-121.204137"><ele>1679.76953125</ele><time>2020-03-21T17:39:37Z</time></trkpt><trkpt lat="48.507928" lon="-121.20417"><ele>1681.60595703125</ele><time>2020-03-21T17:39:44Z</time></trkpt><trkpt lat="48.507858" lon="-121.204272"><ele>1683.6923828125</ele><time>2020-03-21T17:39:58Z</time></trkpt><trkpt lat="48.507855" lon="-121.204277"><ele>1683.392578125</ele><time>2020-03-21T17:39:59Z</time></trkpt><trkpt lat="48.507806" lon="-121.204314"><ele>1685.299560546875</ele><time>2020-03-21T17:40:09Z</time></trkpt><trkpt lat="48.507775" lon="-121.204364"><ele>1686.466796875</ele><time>2020-03-21T17:40:22Z</time></trkpt><trkpt lat="48.507799" lon="-121.204349"><ele>1693.7333984375</ele><time>2020-03-21T17:41:43Z</time></trkpt><trkpt lat="48.507796" lon="-121.204386"><ele>1690.69189453125</ele><time>2020-03-21T17:42:01Z</time></trkpt><trkpt lat="48.507768" lon="-121.2044"><ele>1692.015380859375</ele><time>2020-03-21T17:42:05Z</time></trkpt><trkpt lat="48.507765" lon="-121.2044"><ele>1691.8740234375</ele><time>2020-03-21T17:42:06Z</time></trkpt><trkpt lat="48.507704" lon="-121.204457"><ele>1691.51904296875</ele><time>2020-03-21T17:42:17Z</time></trkpt><trkpt lat="48.507636" lon="-121.204497"><ele>1690.89599609375</ele><time>2020-03-21T17:42:28Z</time></trkpt><trkpt lat="48.507616" lon="-121.204529"><ele>1693.9345703125</ele><time>2020-03-21T17:42:33Z</time></trkpt><trkpt lat="48.50761" lon="-121.204535"><ele>1693.92041015625</ele><time>2020-03-21T17:42:34Z</time></trkpt><trkpt lat="48.507586" lon="-121.204546"><ele>1694.76220703125</ele><time>2020-03-21T17:42:37Z</time></trkpt><trkpt lat="48.507529" lon="-121.204601"><ele>1694.863037109375</ele><time>2020-03-21T17:42:48Z</time></trkpt><trkpt lat="48.507485" lon="-121.204702"><ele>1699.75244140625</ele><time>2020-03-21T17:43:10Z</time></trkpt><trkpt lat="48.50748" lon="-121.204714"><ele>1699.88818359375</ele><time>2020-03-21T17:43:11Z</time></trkpt><trkpt lat="48.507446" lon="-121.204817"><ele>1702.266357421875</ele><time>2020-03-21T17:43:20Z</time></trkpt><trkpt lat="48.507417" lon="-121.204872"><ele>1695.7060546875</ele><time>2020-03-21T17:43:30Z</time></trkpt><trkpt lat="48.507381" lon="-121.204891"><ele>1696.47705078125</ele><time>2020-03-21T17:44:22Z</time></trkpt><trkpt lat="48.507367" lon="-121.204889"><ele>1695.92724609375</ele><time>2020-03-21T17:44:23Z</time></trkpt><trkpt lat="48.507358" lon="-121.204888"><ele>1695.28125</ele><time>2020-03-21T17:44:24Z</time></trkpt><trkpt lat="48.507326" lon="-121.204889"><ele>1684.5126953125</ele><time>2020-03-21T17:44:36Z</time></trkpt><trkpt lat="48.507362" lon="-121.20485"><ele>1700.853515625</ele><time>2020-03-21T17:44:48Z</time></trkpt><trkpt lat="48.507352" lon="-121.204868"><ele>1700.10400390625</ele><time>2020-03-21T17:44:55Z</time></trkpt><trkpt lat="48.507286" lon="-121.204923"><ele>1699.662109375</ele><time>2020-03-21T17:45:02Z</time></trkpt><trkpt lat="48.50728" lon="-121.204933"><ele>1700.35546875</ele><time>2020-03-21T17:45:03Z</time></trkpt><trkpt lat="48.507265" lon="-121.204961"><ele>1701.63720703125</ele><time>2020-03-21T17:45:07Z</time></trkpt><trkpt lat="48.507176" lon="-121.205046"><ele>1700.6396484375</ele><time>2020-03-21T17:45:20Z</time></trkpt><trkpt lat="48.507157" lon="-121.205095"><ele>1702.28271484375</ele><time>2020-03-21T17:45:24Z</time></trkpt><trkpt lat="48.507153" lon="-121.205107"><ele>1702.970947265625</ele><time>2020-03-21T17:45:25Z</time></trkpt><trkpt lat="48.507109" lon="-121.205163"><ele>1703.3134765625</ele><time>2020-03-21T17:45:33Z</time></trkpt><trkpt lat="48.507049" lon="-121.205271"><ele>1700.90478515625</ele><time>2020-03-21T17:45:46Z</time></trkpt><trkpt lat="48.507037" lon="-121.20531"><ele>1696.28955078125</ele><time>2020-03-21T17:45:51Z</time></trkpt><trkpt lat="48.507037" lon="-121.20532"><ele>1698.06591796875</ele><time>2020-03-21T17:45:52Z</time></trkpt><trkpt lat="48.506986" lon="-121.205406"><ele>1702.853515625</ele><time>2020-03-21T17:46:02Z</time></trkpt><trkpt lat="48.506939" lon="-121.205441"><ele>1701.7451171875</ele><time>2020-03-21T17:46:08Z</time></trkpt><trkpt lat="48.506904" lon="-121.205486"><ele>1703.479248046875</ele><time>2020-03-21T17:46:13Z</time></trkpt><trkpt lat="48.506898" lon="-121.205497"><ele>1703.51123046875</ele><time>2020-03-21T17:46:14Z</time></trkpt><trkpt lat="48.506791" lon="-121.205706"><ele>1707.7353515625</ele><time>2020-03-21T17:46:52Z</time></trkpt><trkpt lat="48.506784" lon="-121.205712"><ele>1706.9169921875</ele><time>2020-03-21T17:46:53Z</time></trkpt><trkpt lat="48.506651" lon="-121.205887"><ele>1707.330322265625</ele><time>2020-03-21T17:48:21Z</time></trkpt><trkpt lat="48.506645" lon="-121.205894"><ele>1706.378662109375</ele><time>2020-03-21T17:48:22Z</time></trkpt><trkpt lat="48.506613" lon="-121.205922"><ele>1706.7734375</ele><time>2020-03-21T17:48:27Z</time></trkpt><trkpt lat="48.506552" lon="-121.206006"><ele>1711.96337890625</ele><time>2020-03-21T17:48:38Z</time></trkpt><trkpt lat="48.506524" lon="-121.206066"><ele>1713.20556640625</ele><time>2020-03-21T17:48:48Z</time></trkpt><trkpt lat="48.50652" lon="-121.206074"><ele>1712.47802734375</ele><time>2020-03-21T17:48:49Z</time></trkpt><trkpt lat="48.506517" lon="-121.206121"><ele>1720.20654296875</ele><time>2020-03-21T17:49:36Z</time></trkpt><trkpt lat="48.50643" lon="-121.206289"><ele>1717.3779296875</ele><time>2020-03-21T17:49:52Z</time></trkpt><trkpt lat="48.506428" lon="-121.206292"><ele>1718.70654296875</ele><time>2020-03-21T17:49:53Z</time></trkpt><trkpt lat="48.506427" lon="-121.20633"><ele>1712.571533203125</ele><time>2020-03-21T17:49:59Z</time></trkpt><trkpt lat="48.506415" lon="-121.206361"><ele>1720.72216796875</ele><time>2020-03-21T17:50:03Z</time></trkpt><trkpt lat="48.506381" lon="-121.2064"><ele>1730.634765625</ele><time>2020-03-21T17:50:30Z</time></trkpt><trkpt lat="48.506394" lon="-121.206432"><ele>1736.0673828125</ele><time>2020-03-21T17:50:39Z</time></trkpt><trkpt lat="48.506366" lon="-121.206489"><ele>1738.0166015625</ele><time>2020-03-21T17:50:45Z</time></trkpt><trkpt lat="48.506364" lon="-121.206495"><ele>1737.41943359375</ele><time>2020-03-21T17:50:46Z</time></trkpt><trkpt lat="48.50635" lon="-121.206521"><ele>1689.31787109375</ele><time>2020-03-21T17:50:50Z</time></trkpt><trkpt lat="48.506292" lon="-121.206578"><ele>1727.4501953125</ele><time>2020-03-21T17:51:03Z</time></trkpt><trkpt lat="48.506258" lon="-121.206681"><ele>1731.65869140625</ele><time>2020-03-21T17:51:15Z</time></trkpt><trkpt lat="48.506255" lon="-121.206691"><ele>1734.341796875</ele><time>2020-03-21T17:51:16Z</time></trkpt><trkpt lat="48.506257" lon="-121.206774"><ele>1739.2880859375</ele><time>2020-03-21T17:51:25Z</time></trkpt><trkpt lat="48.506202" lon="-121.206847"><ele>1739.38525390625</ele><time>2020-03-21T17:51:44Z</time></trkpt><trkpt lat="48.506172" lon="-121.20692"><ele>1742.044921875</ele><time>2020-03-21T17:51:57Z</time></trkpt><trkpt lat="48.506164" lon="-121.206929"><ele>1740.53369140625</ele><time>2020-03-21T17:51:58Z</time></trkpt><trkpt lat="48.506125" lon="-121.206989"><ele>1742.11962890625</ele><time>2020-03-21T17:52:07Z</time></trkpt><trkpt lat="48.506123" lon="-121.207025"><ele>1740.4267578125</ele><time>2020-03-21T17:52:12Z</time></trkpt><trkpt lat="48.506102" lon="-121.207043"><ele>1739.2421875</ele><time>2020-03-21T17:52:27Z</time></trkpt><trkpt lat="48.506076" lon="-121.207037"><ele>1731.86376953125</ele><time>2020-03-21T17:52:59Z</time></trkpt><trkpt lat="48.506038" lon="-121.207084"><ele>1731.91796875</ele><time>2020-03-21T17:53:16Z</time></trkpt><trkpt lat="48.506034" lon="-121.207089"><ele>1732.986328125</ele><time>2020-03-21T17:53:17Z</time></trkpt><trkpt lat="48.506025" lon="-121.207129"><ele>1737.708740234375</ele><time>2020-03-21T17:53:26Z</time></trkpt><trkpt lat="48.506" lon="-121.207121"><ele>1721.39697265625</ele><time>2020-03-21T17:53:34Z</time></trkpt><trkpt lat="48.505969" lon="-121.207159"><ele>1706.2236328125</ele><time>2020-03-21T17:53:38Z</time></trkpt><trkpt lat="48.505938" lon="-121.207262"><ele>1738.50927734375</ele><time>2020-03-21T17:53:49Z</time></trkpt><trkpt lat="48.505932" lon="-121.207274"><ele>1738.37060546875</ele><time>2020-03-21T17:53:50Z</time></trkpt><trkpt lat="48.505885" lon="-121.207306"><ele>1739.947265625</ele><time>2020-03-21T17:54:01Z</time></trkpt><trkpt lat="48.505863" lon="-121.207406"><ele>1741.36181640625</ele><time>2020-03-21T17:54:12Z</time></trkpt><trkpt lat="48.50583" lon="-121.207464"><ele>1741.32373046875</ele><time>2020-03-21T17:54:20Z</time></trkpt><trkpt lat="48.505825" lon="-121.207471"><ele>1743.29443359375</ele><time>2020-03-21T17:54:21Z</time></trkpt><trkpt lat="48.505743" lon="-121.207573"><ele>1741.4814453125</ele><time>2020-03-21T17:54:45Z</time></trkpt><trkpt lat="48.505737" lon="-121.207606"><ele>1743.99267578125</ele><time>2020-03-21T17:54:48Z</time></trkpt><trkpt lat="48.505694" lon="-121.207661"><ele>1746.310546875</ele><time>2020-03-21T17:54:56Z</time></trkpt><trkpt lat="48.505689" lon="-121.207668"><ele>1746.02294921875</ele><time>2020-03-21T17:54:57Z</time></trkpt><trkpt lat="48.5056" lon="-121.207804"><ele>1751.843017578125</ele><time>2020-03-21T17:55:17Z</time></trkpt><trkpt lat="48.505595" lon="-121.20783"><ele>1752.12548828125</ele><time>2020-03-21T17:55:18Z</time></trkpt><trkpt lat="48.505573" lon="-121.207838"><ele>1730.008056640625</ele><time>2020-03-21T17:55:28Z</time></trkpt><trkpt lat="48.505569" lon="-121.20785"><ele>1734.05810546875</ele><time>2020-03-21T17:55:29Z</time></trkpt><trkpt lat="48.505561" lon="-121.207862"><ele>1739.22119140625</ele><time>2020-03-21T17:55:30Z</time></trkpt><trkpt lat="48.505469" lon="-121.207988"><ele>1751.38232421875</ele><time>2020-03-21T17:55:43Z</time></trkpt><trkpt lat="48.505418" lon="-121.20802"><ele>1751.18896484375</ele><time>2020-03-21T17:55:52Z</time></trkpt><trkpt lat="48.505409" lon="-121.208022"><ele>1751.26806640625</ele><time>2020-03-21T17:55:53Z</time></trkpt><trkpt lat="48.505381" lon="-121.208018"><ele>1750.78271484375</ele><time>2020-03-21T17:55:57Z</time></trkpt><trkpt lat="48.505336" lon="-121.208028"><ele>1748.864013671875</ele><time>2020-03-21T17:56:02Z</time></trkpt><trkpt lat="48.505317" lon="-121.208012"><ele>1754.279296875</ele><time>2020-03-21T17:56:41Z</time></trkpt><trkpt lat="48.505236" lon="-121.208028"><ele>1753.3349609375</ele><time>2020-03-21T17:56:51Z</time></trkpt><trkpt lat="48.505227" lon="-121.208027"><ele>1753.823486328125</ele><time>2020-03-21T17:56:52Z</time></trkpt><trkpt lat="48.50515" lon="-121.208066"><ele>1756.32763671875</ele><time>2020-03-21T17:57:08Z</time></trkpt><trkpt lat="48.505127" lon="-121.208049"><ele>1735.2490234375</ele><time>2020-03-21T17:57:16Z</time></trkpt><trkpt lat="48.505102" lon="-121.208062"><ele>1755.785888671875</ele><time>2020-03-21T17:57:25Z</time></trkpt><trkpt lat="48.505054" lon="-121.208044"><ele>1761.2890625</ele><time>2020-03-21T17:58:02Z</time></trkpt><trkpt lat="48.505046" lon="-121.208045"><ele>1760.3203125</ele><time>2020-03-21T17:58:03Z</time></trkpt><trkpt lat="48.505016" lon="-121.208045"><ele>1762.4140625</ele><time>2020-03-21T17:58:09Z</time></trkpt><trkpt lat="48.504946" lon="-121.208072"><ele>1764.8505859375</ele><time>2020-03-21T17:58:18Z</time></trkpt><trkpt lat="48.504925" lon="-121.208065"><ele>1765.221435546875</ele><time>2020-03-21T17:58:23Z</time></trkpt><trkpt lat="48.504903" lon="-121.208081"><ele>1765.814453125</ele><time>2020-03-21T17:58:26Z</time></trkpt><trkpt lat="48.504879" lon="-121.20812"><ele>1774.236328125</ele><time>2020-03-21T17:58:46Z</time></trkpt><trkpt lat="48.504875" lon="-121.20813"><ele>1774.22265625</ele><time>2020-03-21T17:58:47Z</time></trkpt><trkpt lat="48.504835" lon="-121.208189"><ele>1776.7666015625</ele><time>2020-03-21T17:58:58Z</time></trkpt><trkpt lat="48.504815" lon="-121.208248"><ele>1779.20263671875</ele><time>2020-03-21T17:59:03Z</time></trkpt><trkpt lat="48.504794" lon="-121.208267"><ele>1774.88720703125</ele><time>2020-03-21T17:59:06Z</time></trkpt><trkpt lat="48.504747" lon="-121.208252"><ele>1770.08837890625</ele><time>2020-03-21T17:59:11Z</time></trkpt><trkpt lat="48.504737" lon="-121.208252"><ele>1769.67822265625</ele><time>2020-03-21T17:59:12Z</time></trkpt><trkpt lat="48.504665" lon="-121.208243"><ele>1767.0595703125</ele><time>2020-03-21T17:59:21Z</time></trkpt><trkpt lat="48.504641" lon="-121.208251"><ele>1765.84033203125</ele><time>2020-03-21T17:59:24Z</time></trkpt><trkpt lat="48.504625" lon="-121.208273"><ele>1765.14013671875</ele><time>2020-03-21T17:59:46Z</time></trkpt><trkpt lat="48.504571" lon="-121.208269"><ele>1764.400146484375</ele><time>2020-03-21T17:59:53Z</time></trkpt><trkpt lat="48.504566" lon="-121.208268"><ele>1764.43359375</ele><time>2020-03-21T17:59:54Z</time></trkpt><trkpt lat="48.504496" lon="-121.208285"><ele>1766.5</ele><time>2020-03-21T18:00:03Z</time></trkpt><trkpt lat="48.504497" lon="-121.208248"><ele>1768.26220703125</ele><time>2020-03-21T18:00:30Z</time></trkpt><trkpt lat="48.504515" lon="-121.208227"><ele>1772.46533203125</ele><time>2020-03-21T18:00:34Z</time></trkpt><trkpt lat="48.504466" lon="-121.208221"><ele>1771.171630859375</ele><time>2020-03-21T18:01:02Z</time></trkpt><trkpt lat="48.504459" lon="-121.208219"><ele>1771.76806640625</ele><time>2020-03-21T18:01:03Z</time></trkpt><trkpt lat="48.504392" lon="-121.208203"><ele>1773.03857421875</ele><time>2020-03-21T18:01:11Z</time></trkpt><trkpt lat="48.504303" lon="-121.208222"><ele>1777.9755859375</ele><time>2020-03-21T18:01:23Z</time></trkpt><trkpt lat="48.504297" lon="-121.208223"><ele>1777.56640625</ele><time>2020-03-21T18:01:24Z</time></trkpt><trkpt lat="48.504244" lon="-121.208227"><ele>1779.31591796875</ele><time>2020-03-21T18:01:32Z</time></trkpt><trkpt lat="48.504115" lon="-121.208258"><ele>1787.16943359375</ele><time>2020-03-21T18:01:50Z</time></trkpt><trkpt lat="48.504105" lon="-121.208259"><ele>1787.0341796875</ele><time>2020-03-21T18:01:51Z</time></trkpt><trkpt lat="48.504071" lon="-121.20825"><ele>1747.2880859375</ele><time>2020-03-21T18:02:00Z</time></trkpt><trkpt lat="48.504015" lon="-121.20828"><ele>1777.11767578125</ele><time>2020-03-21T18:02:08Z</time></trkpt><trkpt lat="48.503933" lon="-121.208291"><ele>1784.5361328125</ele><time>2020-03-21T18:02:18Z</time></trkpt><trkpt lat="48.503921" lon="-121.208281"><ele>1784.98486328125</ele><time>2020-03-21T18:02:20Z</time></trkpt><trkpt lat="48.503892" lon="-121.208298"><ele>1784.160888671875</ele><time>2020-03-21T18:02:24Z</time></trkpt><trkpt lat="48.503876" lon="-121.208324"><ele>1786.19091796875</ele><time>2020-03-21T18:02:28Z</time></trkpt><trkpt lat="48.503809" lon="-121.208328"><ele>1782.483154296875</ele><time>2020-03-21T18:02:57Z</time></trkpt><trkpt lat="48.503752" lon="-121.208357"><ele>1777.450927734375</ele><time>2020-03-21T18:03:02Z</time></trkpt><trkpt lat="48.503742" lon="-121.208364"><ele>1777.36572265625</ele><time>2020-03-21T18:03:03Z</time></trkpt><trkpt lat="48.50364" lon="-121.208399"><ele>1775.324462890625</ele><time>2020-03-21T18:03:14Z</time></trkpt><trkpt lat="48.503566" lon="-121.208444"><ele>1770.231201171875</ele><time>2020-03-21T18:03:22Z</time></trkpt><trkpt lat="48.503553" lon="-121.208446"><ele>1771.576171875</ele><time>2020-03-21T18:03:23Z</time></trkpt><trkpt lat="48.503463" lon="-121.20843"><ele>1775.2978515625</ele><time>2020-03-21T18:03:32Z</time></trkpt><trkpt lat="48.503386" lon="-121.208451"><ele>1778.744140625</ele><time>2020-03-21T18:03:41Z</time></trkpt><trkpt lat="48.503378" lon="-121.20845"><ele>1778.94091796875</ele><time>2020-03-21T18:03:42Z</time></trkpt><trkpt lat="48.503327" lon="-121.208474"><ele>1785.59619140625</ele><time>2020-03-21T18:03:49Z</time></trkpt><trkpt lat="48.503277" lon="-121.208483"><ele>1784.33740234375</ele><time>2020-03-21T18:03:56Z</time></trkpt><trkpt lat="48.503228" lon="-121.20846"><ele>1784.9638671875</ele><time>2020-03-21T18:04:04Z</time></trkpt><trkpt lat="48.5032" lon="-121.208467"><ele>1788.4248046875</ele><time>2020-03-21T18:04:07Z</time></trkpt><trkpt lat="48.503193" lon="-121.208474"><ele>1788.612060546875</ele><time>2020-03-21T18:04:08Z</time></trkpt><trkpt lat="48.503138" lon="-121.208494"><ele>1793.36083984375</ele><time>2020-03-21T18:04:14Z</time></trkpt><trkpt lat="48.503072" lon="-121.208492"><ele>1796.020263671875</ele><time>2020-03-21T18:04:24Z</time></trkpt><trkpt lat="48.503057" lon="-121.208524"><ele>1790.74853515625</ele><time>2020-03-21T18:04:42Z</time></trkpt><trkpt lat="48.503039" lon="-121.208492"><ele>1784.87158203125</ele><time>2020-03-21T18:05:30Z</time></trkpt><trkpt lat="48.503039" lon="-121.20849"><ele>1784.830078125</ele><time>2020-03-21T18:05:31Z</time></trkpt><trkpt lat="48.502999" lon="-121.208482"><ele>1785.213134765625</ele><time>2020-03-21T18:05:39Z</time></trkpt><trkpt lat="48.50294" lon="-121.208511"><ele>1787.496826171875</ele><time>2020-03-21T18:05:44Z</time></trkpt><trkpt lat="48.502882" lon="-121.208522"><ele>1787.94921875</ele><time>2020-03-21T18:05:50Z</time></trkpt><trkpt lat="48.502872" lon="-121.208528"><ele>1787.96875</ele><time>2020-03-21T18:05:51Z</time></trkpt><trkpt lat="48.502844" lon="-121.208542"><ele>1786.13818359375</ele><time>2020-03-21T18:05:55Z</time></trkpt><trkpt lat="48.502805" lon="-121.20858"><ele>1785.12939453125</ele><time>2020-03-21T18:06:01Z</time></trkpt><trkpt lat="48.502761" lon="-121.208585"><ele>1787.52392578125</ele><time>2020-03-21T18:06:09Z</time></trkpt><trkpt lat="48.502712" lon="-121.208564"><ele>1790.171142578125</ele><time>2020-03-21T18:06:17Z</time></trkpt><trkpt lat="48.5027" lon="-121.208568"><ele>1790.63720703125</ele><time>2020-03-21T18:06:18Z</time></trkpt><trkpt lat="48.50269" lon="-121.208575"><ele>1790.53173828125</ele><time>2020-03-21T18:06:20Z</time></trkpt><trkpt lat="48.50262" lon="-121.20857"><ele>1788.37548828125</ele><time>2020-03-21T18:06:33Z</time></trkpt><trkpt lat="48.502551" lon="-121.208555"><ele>1791.494140625</ele><time>2020-03-21T18:06:44Z</time></trkpt><trkpt lat="48.50255" lon="-121.208513"><ele>1792.0595703125</ele><time>2020-03-21T18:06:49Z</time></trkpt><trkpt lat="48.502553" lon="-121.208504"><ele>1792.5439453125</ele><time>2020-03-21T18:06:50Z</time></trkpt><trkpt lat="48.502563" lon="-121.208458"><ele>1797.307373046875</ele><time>2020-03-21T18:07:18Z</time></trkpt><trkpt lat="48.50254" lon="-121.208461"><ele>1797.93212890625</ele><time>2020-03-21T18:07:32Z</time></trkpt><trkpt lat="48.502521" lon="-121.208448"><ele>1798.281005859375</ele><time>2020-03-21T18:07:36Z</time></trkpt><trkpt lat="48.50248" lon="-121.208463"><ele>1798.639892578125</ele><time>2020-03-21T18:07:41Z</time></trkpt><trkpt lat="48.502457" lon="-121.20846"><ele>1796.488037109375</ele><time>2020-03-21T18:07:44Z</time></trkpt><trkpt lat="48.50243" lon="-121.20844"><ele>1795.9169921875</ele><time>2020-03-21T18:07:49Z</time></trkpt><trkpt lat="48.502425" lon="-121.208443"><ele>1794.291015625</ele><time>2020-03-21T18:07:50Z</time></trkpt><trkpt lat="48.502294" lon="-121.208489"><ele>1798.5517578125</ele><time>2020-03-21T18:08:11Z</time></trkpt><trkpt lat="48.502236" lon="-121.208471"><ele>1798.18798828125</ele><time>2020-03-21T18:09:04Z</time></trkpt><trkpt lat="48.502231" lon="-121.208471"><ele>1798.451171875</ele><time>2020-03-21T18:09:05Z</time></trkpt><trkpt lat="48.502179" lon="-121.208471"><ele>1800.0009765625</ele><time>2020-03-21T18:09:13Z</time></trkpt><trkpt lat="48.502159" lon="-121.208411"><ele>1803.755859375</ele><time>2020-03-21T18:09:18Z</time></trkpt><trkpt lat="48.502168" lon="-121.208375"><ele>1806.38232421875</ele><time>2020-03-21T18:09:24Z</time></trkpt><trkpt lat="48.502146" lon="-121.208362"><ele>1807.98681640625</ele><time>2020-03-21T18:09:29Z</time></trkpt><trkpt lat="48.502118" lon="-121.20837"><ele>1810.30859375</ele><time>2020-03-21T18:09:34Z</time></trkpt><trkpt lat="48.502114" lon="-121.208368"><ele>1809.28857421875</ele><time>2020-03-21T18:09:35Z</time></trkpt><trkpt lat="48.502088" lon="-121.20835"><ele>1809.73046875</ele><time>2020-03-21T18:09:39Z</time></trkpt><trkpt lat="48.50204" lon="-121.208343"><ele>1807.96337890625</ele><time>2020-03-21T18:09:47Z</time></trkpt><trkpt lat="48.502018" lon="-121.208329"><ele>1806.53076171875</ele><time>2020-03-21T18:09:51Z</time></trkpt><trkpt lat="48.501946" lon="-121.208341"><ele>1811.141845703125</ele><time>2020-03-21T18:11:21Z</time></trkpt><trkpt lat="48.50194" lon="-121.208339"><ele>1811.11572265625</ele><time>2020-03-21T18:11:22Z</time></trkpt><trkpt lat="48.501908" lon="-121.208331"><ele>1807.30029296875</ele><time>2020-03-21T18:11:26Z</time></trkpt><trkpt lat="48.501863" lon="-121.208338"><ele>1812.156494140625</ele><time>2020-03-21T18:11:32Z</time></trkpt><trkpt lat="48.501796" lon="-121.208314"><ele>1813.53271484375</ele><time>2020-03-21T18:11:43Z</time></trkpt><trkpt lat="48.501763" lon="-121.208316"><ele>1816.41357421875</ele><time>2020-03-21T18:11:47Z</time></trkpt><trkpt lat="48.501752" lon="-121.208316"><ele>1816.07861328125</ele><time>2020-03-21T18:11:48Z</time></trkpt><trkpt lat="48.501702" lon="-121.208332"><ele>1816.4345703125</ele><time>2020-03-21T18:11:54Z</time></trkpt><trkpt lat="48.501604" lon="-121.208321"><ele>1814.06640625</ele><time>2020-03-21T18:12:09Z</time></trkpt><trkpt lat="48.501571" lon="-121.208339"><ele>1816.64208984375</ele><time>2020-03-21T18:12:13Z</time></trkpt><trkpt lat="48.501561" lon="-121.208347"><ele>1816.297607421875</ele><time>2020-03-21T18:12:14Z</time></trkpt><trkpt lat="48.501528" lon="-121.20834"><ele>1817.84619140625</ele><time>2020-03-21T18:12:20Z</time></trkpt><trkpt lat="48.501505" lon="-121.208322"><ele>1817.19482421875</ele><time>2020-03-21T18:14:11Z</time></trkpt><trkpt lat="48.501517" lon="-121.208358"><ele>1818.28759765625</ele><time>2020-03-21T18:14:45Z</time></trkpt><trkpt lat="48.501481" lon="-121.208334"><ele>1817.466064453125</ele><time>2020-03-21T18:15:10Z</time></trkpt><trkpt lat="48.501427" lon="-121.208326"><ele>1819.947509765625</ele><time>2020-03-21T18:15:16Z</time></trkpt><trkpt lat="48.501418" lon="-121.208325"><ele>1820.73779296875</ele><time>2020-03-21T18:15:17Z</time></trkpt><trkpt lat="48.501323" lon="-121.208345"><ele>1828.018310546875</ele><time>2020-03-21T18:15:29Z</time></trkpt><trkpt lat="48.501275" lon="-121.208331"><ele>1827.4814453125</ele><time>2020-03-21T18:15:37Z</time></trkpt><trkpt lat="48.501243" lon="-121.208337"><ele>1829.561767578125</ele><time>2020-03-21T18:15:41Z</time></trkpt><trkpt lat="48.501236" lon="-121.208339"><ele>1828.90625</ele><time>2020-03-21T18:15:42Z</time></trkpt><trkpt lat="48.50116" lon="-121.208327"><ele>1824.96142578125</ele><time>2020-03-21T18:15:53Z</time></trkpt><trkpt lat="48.501141" lon="-121.208312"><ele>1822.24072265625</ele><time>2020-03-21T18:16:03Z</time></trkpt><trkpt lat="48.501066" lon="-121.208321"><ele>1827.7216796875</ele><time>2020-03-21T18:16:14Z</time></trkpt><trkpt lat="48.501058" lon="-121.208322"><ele>1828.4091796875</ele><time>2020-03-21T18:16:15Z</time></trkpt><trkpt lat="48.501017" lon="-121.208318"><ele>1829.53857421875</ele><time>2020-03-21T18:16:20Z</time></trkpt><trkpt lat="48.500976" lon="-121.208343"><ele>1827.6318359375</ele><time>2020-03-21T18:16:25Z</time></trkpt><trkpt lat="48.500957" lon="-121.208338"><ele>1824.67431640625</ele><time>2020-03-21T18:16:28Z</time></trkpt><trkpt lat="48.500901" lon="-121.208352"><ele>1832.280517578125</ele><time>2020-03-21T18:16:35Z</time></trkpt><trkpt lat="48.500895" lon="-121.20835"><ele>1832.135986328125</ele><time>2020-03-21T18:16:36Z</time></trkpt><trkpt lat="48.500865" lon="-121.208339"><ele>1832.729248046875</ele><time>2020-03-21T18:16:40Z</time></trkpt><trkpt lat="48.500845" lon="-121.208358"><ele>1833.513671875</ele><time>2020-03-21T18:17:00Z</time></trkpt><trkpt lat="48.500778" lon="-121.208326"><ele>1788.322265625</ele><time>2020-03-21T18:17:56Z</time></trkpt><trkpt lat="48.500731" lon="-121.208291"><ele>1832.951171875</ele><time>2020-03-21T18:18:04Z</time></trkpt><trkpt lat="48.500724" lon="-121.208286"><ele>1832.7958984375</ele><time>2020-03-21T18:18:05Z</time></trkpt><trkpt lat="48.500622" lon="-121.208218"><ele>1829.8251953125</ele><time>2020-03-21T18:18:21Z</time></trkpt><trkpt lat="48.500597" lon="-121.208147"><ele>1831.69921875</ele><time>2020-03-21T18:18:30Z</time></trkpt><trkpt lat="48.500595" lon="-121.208139"><ele>1832.32666015625</ele><time>2020-03-21T18:18:31Z</time></trkpt><trkpt lat="48.500599" lon="-121.208022"><ele>1840.861328125</ele><time>2020-03-21T18:19:43Z</time></trkpt><trkpt lat="48.50062" lon="-121.207877"><ele>1846.7353515625</ele><time>2020-03-21T18:20:04Z</time></trkpt><trkpt lat="48.500618" lon="-121.207873"><ele>1847.42724609375</ele><time>2020-03-21T18:20:05Z</time></trkpt><trkpt lat="48.500595" lon="-121.207854"><ele>1848.37890625</ele><time>2020-03-21T18:20:09Z</time></trkpt><trkpt lat="48.500484" lon="-121.207821"><ele>1851.33056640625</ele><time>2020-03-21T18:20:30Z</time></trkpt><trkpt lat="48.500472" lon="-121.207779"><ele>1855.3251953125</ele><time>2020-03-21T18:20:40Z</time></trkpt><trkpt lat="48.500471" lon="-121.207771"><ele>1855.3720703125</ele><time>2020-03-21T18:20:41Z</time></trkpt><trkpt lat="48.500473" lon="-121.20773"><ele>1853.60546875</ele><time>2020-03-21T18:21:36Z</time></trkpt><trkpt lat="48.500574" lon="-121.207624"><ele>1857.1083984375</ele><time>2020-03-21T18:21:53Z</time></trkpt><trkpt lat="48.500588" lon="-121.207586"><ele>1859.787109375</ele><time>2020-03-21T18:21:57Z</time></trkpt><trkpt lat="48.500596" lon="-121.207577"><ele>1859.80419921875</ele><time>2020-03-21T18:21:58Z</time></trkpt><trkpt lat="48.500615" lon="-121.207549"><ele>1860.939208984375</ele><time>2020-03-21T18:22:02Z</time></trkpt><trkpt lat="48.500653" lon="-121.207449"><ele>1859.496337890625</ele><time>2020-03-21T18:22:13Z</time></trkpt><trkpt lat="48.50071" lon="-121.207368"><ele>1861.0654296875</ele><time>2020-03-21T18:22:27Z</time></trkpt><trkpt lat="48.500711" lon="-121.207364"><ele>1861.1435546875</ele><time>2020-03-21T18:22:28Z</time></trkpt><trkpt lat="48.50072" lon="-121.207323"><ele>1861.984619140625</ele><time>2020-03-21T18:22:35Z</time></trkpt><trkpt lat="48.500711" lon="-121.207181"><ele>1867.318603515625</ele><time>2020-03-21T18:24:59Z</time></trkpt><trkpt lat="48.500722" lon="-121.207107"><ele>1869.04248046875</ele><time>2020-03-21T18:25:08Z</time></trkpt><trkpt lat="48.500721" lon="-121.207097"><ele>1868.73583984375</ele><time>2020-03-21T18:25:09Z</time></trkpt><trkpt lat="48.500705" lon="-121.206898"><ele>1867.767578125</ele><time>2020-03-21T18:25:27Z</time></trkpt><trkpt lat="48.500687" lon="-121.206866"><ele>1868.96875</ele><time>2020-03-21T18:25:30Z</time></trkpt><trkpt lat="48.500682" lon="-121.206863"><ele>1869.22998046875</ele><time>2020-03-21T18:25:31Z</time></trkpt><trkpt lat="48.500652" lon="-121.206854"><ele>1870.3505859375</ele><time>2020-03-21T18:25:35Z</time></trkpt><trkpt lat="48.500586" lon="-121.206892"><ele>1873.986572265625</ele><time>2020-03-21T18:25:44Z</time></trkpt><trkpt lat="48.500547" lon="-121.206926"><ele>1877.377197265625</ele><time>2020-03-21T18:25:50Z</time></trkpt><trkpt lat="48.50053" lon="-121.206961"><ele>1878.4853515625</ele><time>2020-03-21T18:26:12Z</time></trkpt><trkpt lat="48.500522" lon="-121.206965"><ele>1878.9130859375</ele><time>2020-03-21T18:26:13Z</time></trkpt><trkpt lat="48.500471" lon="-121.206971"><ele>1882.1240234375</ele><time>2020-03-21T18:26:21Z</time></trkpt><trkpt lat="48.500424" lon="-121.206939"><ele>1883.55029296875</ele><time>2020-03-21T18:26:29Z</time></trkpt><trkpt lat="48.50038" lon="-121.206923"><ele>1885.230712890625</ele><time>2020-03-21T18:26:35Z</time></trkpt><trkpt lat="48.500356" lon="-121.206897"><ele>1887.18701171875</ele><time>2020-03-21T18:26:39Z</time></trkpt><trkpt lat="48.500351" lon="-121.206887"><ele>1886.7841796875</ele><time>2020-03-21T18:26:40Z</time></trkpt><trkpt lat="48.500254" lon="-121.206767"><ele>1890.898681640625</ele><time>2020-03-21T18:26:56Z</time></trkpt><trkpt lat="48.500202" lon="-121.206744"><ele>1891.765625</ele><time>2020-03-21T18:27:02Z</time></trkpt><trkpt lat="48.500195" lon="-121.206744"><ele>1891.732421875</ele><time>2020-03-21T18:27:03Z</time></trkpt><trkpt lat="48.500031" lon="-121.206734"><ele>1895.23583984375</ele><time>2020-03-21T18:27:22Z</time></trkpt><trkpt lat="48.50002" lon="-121.20673"><ele>1895.1513671875</ele><time>2020-03-21T18:27:23Z</time></trkpt><trkpt lat="48.49988" lon="-121.206715"><ele>1894.895263671875</ele><time>2020-03-21T18:27:38Z</time></trkpt><trkpt lat="48.499846" lon="-121.206722"><ele>1895.212158203125</ele><time>2020-03-21T18:27:41Z</time></trkpt><trkpt lat="48.499836" lon="-121.206724"><ele>1894.423828125</ele><time>2020-03-21T18:27:42Z</time></trkpt><trkpt lat="48.499769" lon="-121.206678"><ele>1901.0947265625</ele><time>2020-03-21T18:29:12Z</time></trkpt><trkpt lat="48.499707" lon="-121.206688"><ele>1903.570556640625</ele><time>2020-03-21T18:29:18Z</time></trkpt><trkpt lat="48.499679" lon="-121.206713"><ele>1903.0048828125</ele><time>2020-03-21T18:29:21Z</time></trkpt><trkpt lat="48.499668" lon="-121.206713"><ele>1901.7490234375</ele><time>2020-03-21T18:29:22Z</time></trkpt><trkpt lat="48.499568" lon="-121.206721"><ele>1899.1806640625</ele><time>2020-03-21T18:29:31Z</time></trkpt><trkpt lat="48.499498" lon="-121.20674"><ele>1898.30810546875</ele><time>2020-03-21T18:29:39Z</time></trkpt><trkpt lat="48.499486" lon="-121.20674"><ele>1898.506103515625</ele><time>2020-03-21T18:29:40Z</time></trkpt><trkpt lat="48.499392" lon="-121.206741"><ele>1905.092529296875</ele><time>2020-03-21T18:29:53Z</time></trkpt><trkpt lat="48.499365" lon="-121.206757"><ele>1906.609375</ele><time>2020-03-21T18:30:18Z</time></trkpt><trkpt lat="48.49933" lon="-121.206746"><ele>1906.58154296875</ele><time>2020-03-21T18:30:22Z</time></trkpt><trkpt lat="48.499323" lon="-121.206746"><ele>1905.48828125</ele><time>2020-03-21T18:30:23Z</time></trkpt><trkpt lat="48.499292" lon="-121.206742"><ele>1906.03369140625</ele><time>2020-03-21T18:30:27Z</time></trkpt><trkpt lat="48.499241" lon="-121.206751"><ele>1906.54296875</ele><time>2020-03-21T18:30:33Z</time></trkpt><trkpt lat="48.499152" lon="-121.206803"><ele>1908.44775390625</ele><time>2020-03-21T18:30:44Z</time></trkpt><trkpt lat="48.499144" lon="-121.206804"><ele>1906.38232421875</ele><time>2020-03-21T18:30:45Z</time></trkpt><trkpt lat="48.499092" lon="-121.206803"><ele>1893.52587890625</ele><time>2020-03-21T18:30:50Z</time></trkpt><trkpt lat="48.499024" lon="-121.206827"><ele>1898.2626953125</ele><time>2020-03-21T18:31:55Z</time></trkpt><trkpt lat="48.498968" lon="-121.206829"><ele>1896.583251953125</ele><time>2020-03-21T18:32:01Z</time></trkpt><trkpt lat="48.498958" lon="-121.206834"><ele>1898.64111328125</ele><time>2020-03-21T18:32:02Z</time></trkpt><trkpt lat="48.498922" lon="-121.206849"><ele>1902.81591796875</ele><time>2020-03-21T18:32:06Z</time></trkpt><trkpt lat="48.498878" lon="-121.20685"><ele>1870.314208984375</ele><time>2020-03-21T18:32:13Z</time></trkpt><trkpt lat="48.498846" lon="-121.206869"><ele>1897.28076171875</ele><time>2020-03-21T18:32:18Z</time></trkpt><trkpt lat="48.498791" lon="-121.20685"><ele>1858.482421875</ele><time>2020-03-21T18:32:31Z</time></trkpt><trkpt lat="48.498783" lon="-121.20685"><ele>1875.890625</ele><time>2020-03-21T18:32:32Z</time></trkpt><trkpt lat="48.498708" lon="-121.206847"><ele>1910.47607421875</ele><time>2020-03-21T18:32:43Z</time></trkpt><trkpt lat="48.49865" lon="-121.206908"><ele>1922.17822265625</ele><time>2020-03-21T18:33:23Z</time></trkpt><trkpt lat="48.498621" lon="-121.206905"><ele>1922.269775390625</ele><time>2020-03-21T18:33:27Z</time></trkpt><trkpt lat="48.498614" lon="-121.206905"><ele>1921.85400390625</ele><time>2020-03-21T18:33:28Z</time></trkpt><trkpt lat="48.498515" lon="-121.206937"><ele>1931.178466796875</ele><time>2020-03-21T18:33:43Z</time></trkpt><trkpt lat="48.498495" lon="-121.206935"><ele>1932.697265625</ele><time>2020-03-21T18:33:46Z</time></trkpt><trkpt lat="48.498471" lon="-121.206929"><ele>1931.205078125</ele><time>2020-03-21T18:33:49Z</time></trkpt><trkpt lat="48.498459" lon="-121.20689"><ele>1929.611328125</ele><time>2020-03-21T18:33:57Z</time></trkpt><trkpt lat="48.498461" lon="-121.206885"><ele>1929.49951171875</ele><time>2020-03-21T18:33:58Z</time></trkpt><trkpt lat="48.498447" lon="-121.206857"><ele>1928.65087890625</ele><time>2020-03-21T18:34:43Z</time></trkpt><trkpt lat="48.498423" lon="-121.20685"><ele>1928.167724609375</ele><time>2020-03-21T18:34:48Z</time></trkpt><trkpt lat="48.498402" lon="-121.206828"><ele>1931.002197265625</ele><time>2020-03-21T18:34:55Z</time></trkpt><trkpt lat="48.498356" lon="-121.206809"><ele>1933.25</ele><time>2020-03-21T18:35:02Z</time></trkpt><trkpt lat="48.498313" lon="-121.206777"><ele>1934.28515625</ele><time>2020-03-21T18:35:09Z</time></trkpt><trkpt lat="48.498308" lon="-121.206773"><ele>1934.06103515625</ele><time>2020-03-21T18:35:10Z</time></trkpt><trkpt lat="48.498252" lon="-121.206688"><ele>1934.711181640625</ele><time>2020-03-21T18:35:29Z</time></trkpt><trkpt lat="48.498183" lon="-121.20667"><ele>1926.1865234375</ele><time>2020-03-21T18:36:55Z</time></trkpt><trkpt lat="48.498158" lon="-121.206653"><ele>1929.916259765625</ele><time>2020-03-21T18:37:00Z</time></trkpt><trkpt lat="48.498156" lon="-121.206649"><ele>1929.77783203125</ele><time>2020-03-21T18:37:01Z</time></trkpt><trkpt lat="48.498128" lon="-121.206636"><ele>1931.387451171875</ele><time>2020-03-21T18:37:07Z</time></trkpt><trkpt lat="48.498104" lon="-121.20664"><ele>1933.27685546875</ele><time>2020-03-21T18:37:10Z</time></trkpt><trkpt lat="48.498056" lon="-121.206618"><ele>1935.60498046875</ele><time>2020-03-21T18:37:20Z</time></trkpt><trkpt lat="48.498017" lon="-121.206622"><ele>1936.73681640625</ele><time>2020-03-21T18:37:25Z</time></trkpt><trkpt lat="48.497994" lon="-121.206608"><ele>1936.4833984375</ele><time>2020-03-21T18:37:31Z</time></trkpt><trkpt lat="48.497995" lon="-121.206599"><ele>1937.25439453125</ele><time>2020-03-21T18:37:32Z</time></trkpt><trkpt lat="48.497993" lon="-121.206601"><ele>1938.0205078125</ele><time>2020-03-21T18:37:33Z</time></trkpt><trkpt lat="48.49797" lon="-121.206608"><ele>1942.9111328125</ele><time>2020-03-21T18:38:01Z</time></trkpt><trkpt lat="48.497945" lon="-121.206597"><ele>1941.878173828125</ele><time>2020-03-21T18:38:04Z</time></trkpt><trkpt lat="48.497902" lon="-121.206573"><ele>1944.2841796875</ele><time>2020-03-21T18:38:11Z</time></trkpt><trkpt lat="48.497862" lon="-121.206535"><ele>1943.73876953125</ele><time>2020-03-21T18:38:18Z</time></trkpt><trkpt lat="48.497832" lon="-121.206546"><ele>1944.03173828125</ele><time>2020-03-21T18:38:22Z</time></trkpt><trkpt lat="48.49783" lon="-121.206548"><ele>1946.3779296875</ele><time>2020-03-21T18:38:23Z</time></trkpt><trkpt lat="48.497816" lon="-121.206514"><ele>1949.3642578125</ele><time>2020-03-21T18:39:01Z</time></trkpt><trkpt lat="48.497798" lon="-121.206497"><ele>1951.42822265625</ele><time>2020-03-21T18:39:05Z</time></trkpt><trkpt lat="48.497748" lon="-121.206491"><ele>1953.047607421875</ele><time>2020-03-21T18:39:11Z</time></trkpt><trkpt lat="48.497678" lon="-121.206433"><ele>1954.765625</ele><time>2020-03-21T18:39:22Z</time></trkpt><trkpt lat="48.497671" lon="-121.206426"><ele>1954.63623046875</ele><time>2020-03-21T18:39:23Z</time></trkpt><trkpt lat="48.497615" lon="-121.206354"><ele>1953.438232421875</ele><time>2020-03-21T18:39:33Z</time></trkpt><trkpt lat="48.497561" lon="-121.20623"><ele>1951.7080078125</ele><time>2020-03-21T18:39:47Z</time></trkpt><trkpt lat="48.497558" lon="-121.20622"><ele>1951.72412109375</ele><time>2020-03-21T18:39:48Z</time></trkpt><trkpt lat="48.497541" lon="-121.206177"><ele>1952.45068359375</ele><time>2020-03-21T18:39:53Z</time></trkpt><trkpt lat="48.497561" lon="-121.206151"><ele>1961.148681640625</ele><time>2020-03-21T18:40:13Z</time></trkpt><trkpt lat="48.497516" lon="-121.206074"><ele>1959.642578125</ele><time>2020-03-21T18:41:47Z</time></trkpt><trkpt lat="48.497465" lon="-121.206023"><ele>1958.08935546875</ele><time>2020-03-21T18:41:55Z</time></trkpt><trkpt lat="48.497458" lon="-121.206014"><ele>1958.180419921875</ele><time>2020-03-21T18:41:56Z</time></trkpt><trkpt lat="48.497426" lon="-121.205897"><ele>1956.38623046875</ele><time>2020-03-21T18:42:08Z</time></trkpt><trkpt lat="48.497427" lon="-121.205797"><ele>1957.30859375</ele><time>2020-03-21T18:42:18Z</time></trkpt><trkpt lat="48.497445" lon="-121.205755"><ele>1960.6484375</ele><time>2020-03-21T18:43:57Z</time></trkpt><trkpt lat="48.497446" lon="-121.205744"><ele>1962.35791015625</ele><time>2020-03-21T18:43:58Z</time></trkpt><trkpt lat="48.497455" lon="-121.205679"><ele>1964.0380859375</ele><time>2020-03-21T18:44:04Z</time></trkpt><trkpt lat="48.49741" lon="-121.205509"><ele>1967.4931640625</ele><time>2020-03-21T18:44:21Z</time></trkpt><trkpt lat="48.497411" lon="-121.2055"><ele>1967.93359375</ele><time>2020-03-21T18:44:22Z</time></trkpt><trkpt lat="48.497423" lon="-121.205367"><ele>1963.87060546875</ele><time>2020-03-21T18:44:32Z</time></trkpt><trkpt lat="48.497404" lon="-121.205347"><ele>1959.9375</ele><time>2020-03-21T18:44:42Z</time></trkpt><trkpt lat="48.497401" lon="-121.20527"><ele>1963.3046875</ele><time>2020-03-21T18:44:56Z</time></trkpt><trkpt lat="48.497402" lon="-121.205262"><ele>1964.68896484375</ele><time>2020-03-21T18:44:57Z</time></trkpt><trkpt lat="48.49739" lon="-121.205142"><ele>1970.72998046875</ele><time>2020-03-21T18:45:33Z</time></trkpt><trkpt lat="48.497377" lon="-121.205117"><ele>1969.9462890625</ele><time>2020-03-21T18:45:37Z</time></trkpt><trkpt lat="48.497383" lon="-121.205078"><ele>1969.318603515625</ele><time>2020-03-21T18:45:42Z</time></trkpt><trkpt lat="48.497364" lon="-121.205001"><ele>1967.861572265625</ele><time>2020-03-21T18:45:49Z</time></trkpt><trkpt lat="48.497361" lon="-121.20499"><ele>1967.4365234375</ele><time>2020-03-21T18:45:50Z</time></trkpt><trkpt lat="48.497328" lon="-121.204727"><ele>1971.048828125</ele><time>2020-03-21T18:46:57Z</time></trkpt><trkpt lat="48.497326" lon="-121.204716"><ele>1971.21923828125</ele><time>2020-03-21T18:46:58Z</time></trkpt><trkpt lat="48.497301" lon="-121.204611"><ele>1972.390869140625</ele><time>2020-03-21T18:47:08Z</time></trkpt><trkpt lat="48.497249" lon="-121.204472"><ele>1975.551513671875</ele><time>2020-03-21T18:47:21Z</time></trkpt><trkpt lat="48.497246" lon="-121.204461"><ele>1974.25244140625</ele><time>2020-03-21T18:47:22Z</time></trkpt><trkpt lat="48.49723" lon="-121.204381"><ele>1973.172119140625</ele><time>2020-03-21T18:47:29Z</time></trkpt><trkpt lat="48.497247" lon="-121.204351"><ele>1971.80126953125</ele><time>2020-03-21T18:47:39Z</time></trkpt><trkpt lat="48.497205" lon="-121.204229"><ele>1975.35498046875</ele><time>2020-03-21T18:48:22Z</time></trkpt><trkpt lat="48.497203" lon="-121.204221"><ele>1975.1337890625</ele><time>2020-03-21T18:48:23Z</time></trkpt><trkpt lat="48.497183" lon="-121.204191"><ele>1976.1748046875</ele><time>2020-03-21T18:48:26Z</time></trkpt><trkpt lat="48.497129" lon="-121.204144"><ele>1977.960205078125</ele><time>2020-03-21T18:48:33Z</time></trkpt><trkpt lat="48.497135" lon="-121.204028"><ele>1981.13037109375</ele><time>2020-03-21T18:48:53Z</time></trkpt><trkpt lat="48.497137" lon="-121.204026"><ele>1981.45849609375</ele><time>2020-03-21T18:48:54Z</time></trkpt><trkpt lat="48.49714" lon="-121.203884"><ele>1992.25732421875</ele><time>2020-03-21T18:50:06Z</time></trkpt><trkpt lat="48.497119" lon="-121.203781"><ele>1993.426513671875</ele><time>2020-03-21T18:50:23Z</time></trkpt><trkpt lat="48.497117" lon="-121.203767"><ele>1993.62060546875</ele><time>2020-03-21T18:50:24Z</time></trkpt><trkpt lat="48.497104" lon="-121.203643"><ele>1991.949951171875</ele><time>2020-03-21T18:50:35Z</time></trkpt><trkpt lat="48.497058" lon="-121.20355"><ele>1995.70703125</ele><time>2020-03-21T18:51:52Z</time></trkpt><trkpt lat="48.497059" lon="-121.203505"><ele>1995.997802734375</ele><time>2020-03-21T18:52:56Z</time></trkpt><trkpt lat="48.497059" lon="-121.203496"><ele>1995.89404296875</ele><time>2020-03-21T18:52:57Z</time></trkpt><trkpt lat="48.49708" lon="-121.203464"><ele>1999.95263671875</ele><time>2020-03-21T18:55:44Z</time></trkpt><trkpt lat="48.497121" lon="-121.203448"><ele>2000.55322265625</ele><time>2020-03-21T18:55:55Z</time></trkpt><trkpt lat="48.497194" lon="-121.203474"><ele>2000.7294921875</ele><time>2020-03-21T18:56:08Z</time></trkpt><trkpt lat="48.497218" lon="-121.20345"><ele>2001.21337890625</ele><time>2020-03-21T18:56:28Z</time></trkpt><trkpt lat="48.497222" lon="-121.203447"><ele>2000.964111328125</ele><time>2020-03-21T18:56:29Z</time></trkpt><trkpt lat="48.497254" lon="-121.203436"><ele>2001.27490234375</ele><time>2020-03-21T18:56:34Z</time></trkpt><trkpt lat="48.497301" lon="-121.203453"><ele>2002.75537109375</ele><time>2020-03-21T18:56:44Z</time></trkpt><trkpt lat="48.497325" lon="-121.203468"><ele>2004.368896484375</ele><time>2020-03-21T18:56:48Z</time></trkpt><trkpt lat="48.497358" lon="-121.203529"><ele>2005.869140625</ele><time>2020-03-21T18:56:56Z</time></trkpt><trkpt lat="48.497387" lon="-121.203541"><ele>2006.50634765625</ele><time>2020-03-21T18:57:02Z</time></trkpt><trkpt lat="48.497391" lon="-121.20354"><ele>2006.66650390625</ele><time>2020-03-21T18:57:03Z</time></trkpt><trkpt lat="48.497496" lon="-121.20346"><ele>2009.712158203125</ele><time>2020-03-21T18:57:20Z</time></trkpt><trkpt lat="48.497538" lon="-121.203402"><ele>2012.84423828125</ele><time>2020-03-21T18:57:28Z</time></trkpt><trkpt lat="48.497543" lon="-121.203393"><ele>2012.985595703125</ele><time>2020-03-21T18:57:29Z</time></trkpt><trkpt lat="48.49749" lon="-121.203272"><ele>2018.510498046875</ele><time>2020-03-21T18:59:29Z</time></trkpt><trkpt lat="48.497468" lon="-121.20325"><ele>2019.70703125</ele><time>2020-03-21T18:59:38Z</time></trkpt><trkpt lat="48.49748" lon="-121.20325"><ele>2014.738037109375</ele><time>2020-03-21T19:00:53Z</time></trkpt></trkseg><trkseg><trkpt lat="48.497473" lon="-121.203252"><ele>2014.77099609375</ele><time>2020-03-21T19:12:40Z</time></trkpt><trkpt lat="48.497537" lon="-121.203295"><ele>2017.20556640625</ele><time>2020-03-21T19:12:58Z</time></trkpt><trkpt lat="48.497562" lon="-121.203289"><ele>2016.97119140625</ele><time>2020-03-21T19:13:01Z</time></trkpt><trkpt lat="48.497604" lon="-121.203257"><ele>2017.6884765625</ele><time>2020-03-21T19:13:08Z</time></trkpt><trkpt lat="48.497594" lon="-121.203217"><ele>2017.53759765625</ele><time>2020-03-21T19:13:13Z</time></trkpt><trkpt lat="48.497591" lon="-121.203207"><ele>2018.126708984375</ele><time>2020-03-21T19:13:14Z</time></trkpt><trkpt lat="48.497587" lon="-121.20316"><ele>2019.18505859375</ele><time>2020-03-21T19:13:17Z</time></trkpt><trkpt lat="48.497607" lon="-121.203141"><ele>2019.220703125</ele><time>2020-03-21T19:13:20Z</time></trkpt><trkpt lat="48.497632" lon="-121.20315"><ele>2022.38720703125</ele><time>2020-03-21T19:13:24Z</time></trkpt><trkpt lat="48.497644" lon="-121.203078"><ele>2024.794921875</ele><time>2020-03-21T19:13:41Z</time></trkpt><trkpt lat="48.497687" lon="-121.203028"><ele>2027.4150390625</ele><time>2020-03-21T19:14:06Z</time></trkpt><trkpt lat="48.49769" lon="-121.203022"><ele>2027.70458984375</ele><time>2020-03-21T19:14:07Z</time></trkpt><trkpt lat="48.497704" lon="-121.20298"><ele>2028.6875</ele><time>2020-03-21T19:14:12Z</time></trkpt><trkpt lat="48.497704" lon="-121.202913"><ele>2027.73779296875</ele><time>2020-03-21T19:14:27Z</time></trkpt><trkpt lat="48.497775" lon="-121.202805"><ele>2031.74267578125</ele><time>2020-03-21T19:15:00Z</time></trkpt><trkpt lat="48.497778" lon="-121.2028"><ele>2031.9189453125</ele><time>2020-03-21T19:15:01Z</time></trkpt><trkpt lat="48.497805" lon="-121.202779"><ele>2033.35009765625</ele><time>2020-03-21T19:15:09Z</time></trkpt><trkpt lat="48.497828" lon="-121.202712"><ele>2034.8974609375</ele><time>2020-03-21T19:15:33Z</time></trkpt><trkpt lat="48.497904" lon="-121.202678"><ele>2038.2177734375</ele><time>2020-03-21T19:15:58Z</time></trkpt><trkpt lat="48.497927" lon="-121.202655"><ele>2039.232421875</ele><time>2020-03-21T19:16:04Z</time></trkpt><trkpt lat="48.49793" lon="-121.20265"><ele>2039.33984375</ele><time>2020-03-21T19:16:05Z</time></trkpt><trkpt lat="48.497986" lon="-121.202582"><ele>2041.3291015625</ele><time>2020-03-21T19:17:02Z</time></trkpt><trkpt lat="48.498047" lon="-121.202475"><ele>2042.07666015625</ele><time>2020-03-21T19:17:14Z</time></trkpt><trkpt lat="48.498053" lon="-121.202466"><ele>2042.580322265625</ele><time>2020-03-21T19:17:15Z</time></trkpt><trkpt lat="48.498117" lon="-121.202398"><ele>2047.3046875</ele><time>2020-03-21T19:17:27Z</time></trkpt><trkpt lat="48.49814" lon="-121.202384"><ele>2048.0029296875</ele><time>2020-03-21T19:17:54Z</time></trkpt><trkpt lat="48.498169" lon="-121.202326"><ele>2049.114990234375</ele><time>2020-03-21T19:18:01Z</time></trkpt><trkpt lat="48.498194" lon="-121.202306"><ele>2049.12841796875</ele><time>2020-03-21T19:18:05Z</time></trkpt><trkpt lat="48.498199" lon="-121.202296"><ele>2049.88134765625</ele><time>2020-03-21T19:18:06Z</time></trkpt><trkpt lat="48.498257" lon="-121.202223"><ele>2051.484375</ele><time>2020-03-21T19:18:18Z</time></trkpt><trkpt lat="48.498358" lon="-121.202183"><ele>2054.3076171875</ele><time>2020-03-21T19:18:32Z</time></trkpt><trkpt lat="48.498359" lon="-121.202185"><ele>2054.644775390625</ele><time>2020-03-21T19:18:33Z</time></trkpt><trkpt lat="48.498379" lon="-121.202179"><ele>2052.4677734375</ele><time>2020-03-21T19:18:53Z</time></trkpt><trkpt lat="48.498426" lon="-121.202094"><ele>2054.36376953125</ele><time>2020-03-21T19:19:03Z</time></trkpt><trkpt lat="48.498473" lon="-121.202079"><ele>2053.806640625</ele><time>2020-03-21T19:19:10Z</time></trkpt><trkpt lat="48.4985" lon="-121.20206"><ele>2054.6904296875</ele><time>2020-03-21T19:19:14Z</time></trkpt><trkpt lat="48.498506" lon="-121.202055"><ele>2055.139404296875</ele><time>2020-03-21T19:19:15Z</time></trkpt><trkpt lat="48.498552" lon="-121.202024"><ele>2056.919677734375</ele><time>2020-03-21T19:19:21Z</time></trkpt><trkpt lat="48.498601" lon="-121.201962"><ele>2061.078369140625</ele><time>2020-03-21T19:20:28Z</time></trkpt><trkpt lat="48.49862" lon="-121.201887"><ele>2061.87451171875</ele><time>2020-03-21T19:20:43Z</time></trkpt><trkpt lat="48.49862" lon="-121.201884"><ele>2062.013916015625</ele><time>2020-03-21T19:20:44Z</time></trkpt><trkpt lat="48.498641" lon="-121.201857"><ele>2064.279052734375</ele><time>2020-03-21T19:21:58Z</time></trkpt><trkpt lat="48.498644" lon="-121.201787"><ele>2067.818603515625</ele><time>2020-03-21T19:22:08Z</time></trkpt><trkpt lat="48.498675" lon="-121.20166"><ele>2071.0087890625</ele><time>2020-03-21T19:22:22Z</time></trkpt><trkpt lat="48.49868" lon="-121.201651"><ele>2071.59814453125</ele><time>2020-03-21T19:22:23Z</time></trkpt><trkpt lat="48.498738" lon="-121.201464"><ele>2074.738037109375</ele><time>2020-03-21T19:23:16Z</time></trkpt><trkpt lat="48.498764" lon="-121.201439"><ele>2074.588134765625</ele><time>2020-03-21T19:23:20Z</time></trkpt><trkpt lat="48.49877" lon="-121.201434"><ele>2075.0556640625</ele><time>2020-03-21T19:23:21Z</time></trkpt><trkpt lat="48.498804" lon="-121.201337"><ele>2075.733154296875</ele><time>2020-03-21T19:23:30Z</time></trkpt><trkpt lat="48.498881" lon="-121.201226"><ele>2075.862060546875</ele><time>2020-03-21T19:23:43Z</time></trkpt><trkpt lat="48.498885" lon="-121.201215"><ele>2075.770263671875</ele><time>2020-03-21T19:23:44Z</time></trkpt><trkpt lat="48.498944" lon="-121.201095"><ele>2075.255615234375</ele><time>2020-03-21T19:23:54Z</time></trkpt><trkpt lat="48.498996" lon="-121.201031"><ele>2075.94384765625</ele><time>2020-03-21T19:24:02Z</time></trkpt><trkpt lat="48.499004" lon="-121.201027"><ele>2077.050537109375</ele><time>2020-03-21T19:24:03Z</time></trkpt><trkpt lat="48.499023" lon="-121.200988"><ele>2076.22509765625</ele><time>2020-03-21T19:24:08Z</time></trkpt><trkpt lat="48.499057" lon="-121.200796"><ele>2075.97021484375</ele><time>2020-03-21T19:24:23Z</time></trkpt><trkpt lat="48.499057" lon="-121.200779"><ele>2075.7626953125</ele><time>2020-03-21T19:24:24Z</time></trkpt><trkpt lat="48.499117" lon="-121.200528"><ele>2075.5048828125</ele><time>2020-03-21T19:25:39Z</time></trkpt><trkpt lat="48.499115" lon="-121.200515"><ele>2075.555419921875</ele><time>2020-03-21T19:25:40Z</time></trkpt><trkpt lat="48.499117" lon="-121.200397"><ele>2075.39697265625</ele><time>2020-03-21T19:25:50Z</time></trkpt><trkpt lat="48.49913" lon="-121.20033"><ele>2076.083251953125</ele><time>2020-03-21T19:25:57Z</time></trkpt><trkpt lat="48.499162" lon="-121.200265"><ele>2075.953857421875</ele><time>2020-03-21T19:26:03Z</time></trkpt><trkpt lat="48.499167" lon="-121.200256"><ele>2075.757568359375</ele><time>2020-03-21T19:26:04Z</time></trkpt><trkpt lat="48.499181" lon="-121.200214"><ele>2074.866943359375</ele><time>2020-03-21T19:26:16Z</time></trkpt><trkpt lat="48.499278" lon="-121.200051"><ele>2075.037109375</ele><time>2020-03-21T19:26:29Z</time></trkpt><trkpt lat="48.499279" lon="-121.200042"><ele>2075.160400390625</ele><time>2020-03-21T19:26:30Z</time></trkpt><trkpt lat="48.499297" lon="-121.199973"><ele>2075.93212890625</ele><time>2020-03-21T19:26:37Z</time></trkpt><trkpt lat="48.49937" lon="-121.199839"><ele>2075.880126953125</ele><time>2020-03-21T19:26:54Z</time></trkpt><trkpt lat="48.49937" lon="-121.199836"><ele>2075.8984375</ele><time>2020-03-21T19:26:55Z</time></trkpt><trkpt lat="48.499405" lon="-121.19977"><ele>2078.34375</ele><time>2020-03-21T19:27:12Z</time></trkpt><trkpt lat="48.499443" lon="-121.199729"><ele>2078.334228515625</ele><time>2020-03-21T19:27:21Z</time></trkpt><trkpt lat="48.499485" lon="-121.199644"><ele>2078.648681640625</ele><time>2020-03-21T19:27:35Z</time></trkpt><trkpt lat="48.499487" lon="-121.199639"><ele>2078.208740234375</ele><time>2020-03-21T19:27:36Z</time></trkpt><trkpt lat="48.499528" lon="-121.199578"><ele>2076.053466796875</ele><time>2020-03-21T19:27:51Z</time></trkpt><trkpt lat="48.499573" lon="-121.199539"><ele>2074.20947265625</ele><time>2020-03-21T19:28:01Z</time></trkpt><trkpt lat="48.499572" lon="-121.199499"><ele>2073.752685546875</ele><time>2020-03-21T19:28:12Z</time></trkpt><trkpt lat="48.49959" lon="-121.199472"><ele>2074.032470703125</ele><time>2020-03-21T19:28:17Z</time></trkpt><trkpt lat="48.499619" lon="-121.199463"><ele>2073.625</ele><time>2020-03-21T19:28:20Z</time></trkpt><trkpt lat="48.499622" lon="-121.199454"><ele>2073.459716796875</ele><time>2020-03-21T19:28:21Z</time></trkpt><trkpt lat="48.499623" lon="-121.199445"><ele>2073.088623046875</ele><time>2020-03-21T19:28:22Z</time></trkpt><trkpt lat="48.499597" lon="-121.199438"><ele>2073.384521484375</ele><time>2020-03-21T19:28:28Z</time></trkpt><trkpt lat="48.499657" lon="-121.199395"><ele>2073.681884765625</ele><time>2020-03-21T19:28:59Z</time></trkpt><trkpt lat="48.499717" lon="-121.199331"><ele>2071.128173828125</ele><time>2020-03-21T19:29:09Z</time></trkpt><trkpt lat="48.499724" lon="-121.199325"><ele>2070.594970703125</ele><time>2020-03-21T19:29:10Z</time></trkpt><trkpt lat="48.499787" lon="-121.199222"><ele>2065.8515625</ele><time>2020-03-21T19:29:34Z</time></trkpt><trkpt lat="48.499861" lon="-121.199174"><ele>2069.848876953125</ele><time>2020-03-21T19:29:55Z</time></trkpt><trkpt lat="48.499865" lon="-121.199167"><ele>2069.904052734375</ele><time>2020-03-21T19:29:56Z</time></trkpt><trkpt lat="48.499942" lon="-121.199088"><ele>2072.515625</ele><time>2020-03-21T19:30:18Z</time></trkpt><trkpt lat="48.500009" lon="-121.199067"><ele>2075.064208984375</ele><time>2020-03-21T19:30:25Z</time></trkpt><trkpt lat="48.50002" lon="-121.19906"><ele>2075.388427734375</ele><time>2020-03-21T19:30:26Z</time></trkpt><trkpt lat="48.500122" lon="-121.199008"><ele>2078.72607421875</ele><time>2020-03-21T19:30:58Z</time></trkpt><trkpt lat="48.500146" lon="-121.199013"><ele>2078.421630859375</ele><time>2020-03-21T19:31:18Z</time></trkpt><trkpt lat="48.500201" lon="-121.198998"><ele>2079.201904296875</ele><time>2020-03-21T19:31:49Z</time></trkpt><trkpt lat="48.500208" lon="-121.199001"><ele>2078.890625</ele><time>2020-03-21T19:31:50Z</time></trkpt><trkpt lat="48.500272" lon="-121.199019"><ele>2083.561767578125</ele><time>2020-03-21T19:32:05Z</time></trkpt><trkpt lat="48.500308" lon="-121.198968"><ele>2083.753662109375</ele><time>2020-03-21T19:33:06Z</time></trkpt><trkpt lat="48.500374" lon="-121.198924"><ele>2084.88916015625</ele><time>2020-03-21T19:33:25Z</time></trkpt><trkpt lat="48.500377" lon="-121.198919"><ele>2084.867431640625</ele><time>2020-03-21T19:33:26Z</time></trkpt><trkpt lat="48.500402" lon="-121.198893"><ele>2084.6484375</ele><time>2020-03-21T19:33:35Z</time></trkpt><trkpt lat="48.500522" lon="-121.198833"><ele>2087.838623046875</ele><time>2020-03-21T19:34:01Z</time></trkpt><trkpt lat="48.500529" lon="-121.198829"><ele>2087.892578125</ele><time>2020-03-21T19:34:02Z</time></trkpt><trkpt lat="48.500561" lon="-121.198826"><ele>2087.693603515625</ele><time>2020-03-21T19:34:08Z</time></trkpt><trkpt lat="48.500703" lon="-121.198759"><ele>2086.559814453125</ele><time>2020-03-21T19:34:37Z</time></trkpt><trkpt lat="48.500706" lon="-121.198759"><ele>2085.781005859375</ele><time>2020-03-21T19:34:38Z</time></trkpt><trkpt lat="48.500735" lon="-121.198748"><ele>2086.8583984375</ele><time>2020-03-21T19:36:03Z</time></trkpt><trkpt lat="48.500795" lon="-121.198699"><ele>2087.42041015625</ele><time>2020-03-21T19:36:12Z</time></trkpt><trkpt lat="48.500854" lon="-121.198603"><ele>2087.83251953125</ele><time>2020-03-21T19:36:22Z</time></trkpt><trkpt lat="48.50086" lon="-121.198594"><ele>2088.34375</ele><time>2020-03-21T19:36:23Z</time></trkpt><trkpt lat="48.50091" lon="-121.198433"><ele>2087.882568359375</ele><time>2020-03-21T19:36:49Z</time></trkpt><trkpt lat="48.500923" lon="-121.198353"><ele>2085.45263671875</ele><time>2020-03-21T19:37:24Z</time></trkpt><trkpt lat="48.500923" lon="-121.198346"><ele>2086.095947265625</ele><time>2020-03-21T19:37:25Z</time></trkpt><trkpt lat="48.500928" lon="-121.198305"><ele>2087.89599609375</ele><time>2020-03-21T19:37:31Z</time></trkpt><trkpt lat="48.500908" lon="-121.198233"><ele>2093.0791015625</ele><time>2020-03-21T19:37:57Z</time></trkpt><trkpt lat="48.500915" lon="-121.198164"><ele>2094.660400390625</ele><time>2020-03-21T19:38:08Z</time></trkpt><trkpt lat="48.500931" lon="-121.198131"><ele>2095.705078125</ele><time>2020-03-21T19:38:13Z</time></trkpt><trkpt lat="48.500924" lon="-121.198089"><ele>2098.550048828125</ele><time>2020-03-21T19:38:20Z</time></trkpt><trkpt lat="48.500925" lon="-121.198088"><ele>2098.530517578125</ele><time>2020-03-21T19:38:21Z</time></trkpt><trkpt lat="48.500937" lon="-121.198019"><ele>2102.299560546875</ele><time>2020-03-21T19:38:58Z</time></trkpt><trkpt lat="48.500924" lon="-121.197948"><ele>2104.142822265625</ele><time>2020-03-21T19:39:09Z</time></trkpt><trkpt lat="48.500965" lon="-121.197902"><ele>2106.255859375</ele><time>2020-03-21T19:39:34Z</time></trkpt><trkpt lat="48.500965" lon="-121.197855"><ele>2107.828369140625</ele><time>2020-03-21T19:39:41Z</time></trkpt><trkpt lat="48.500966" lon="-121.197849"><ele>2108.135498046875</ele><time>2020-03-21T19:39:42Z</time></trkpt><trkpt lat="48.500974" lon="-121.197813"><ele>2109.36474609375</ele><time>2020-03-21T19:39:50Z</time></trkpt><trkpt lat="48.500993" lon="-121.197784"><ele>2112.70849609375</ele><time>2020-03-21T19:40:02Z</time></trkpt><trkpt lat="48.501029" lon="-121.197645"><ele>2115.677490234375</ele><time>2020-03-21T19:40:33Z</time></trkpt><trkpt lat="48.501048" lon="-121.197613"><ele>2116.42578125</ele><time>2020-03-21T19:40:39Z</time></trkpt><trkpt lat="48.50105" lon="-121.197608"><ele>2117.151123046875</ele><time>2020-03-21T19:40:40Z</time></trkpt><trkpt lat="48.501064" lon="-121.197569"><ele>2117.480712890625</ele><time>2020-03-21T19:40:50Z</time></trkpt><trkpt lat="48.501019" lon="-121.197549"><ele>2117.67236328125</ele><time>2020-03-21T19:42:29Z</time></trkpt><trkpt lat="48.500917" lon="-121.197571"><ele>2120.00244140625</ele><time>2020-03-21T19:42:50Z</time></trkpt><trkpt lat="48.500914" lon="-121.197572"><ele>2120.73046875</ele><time>2020-03-21T19:42:51Z</time></trkpt><trkpt lat="48.500878" lon="-121.197525"><ele>2124.297119140625</ele><time>2020-03-21T19:43:13Z</time></trkpt><trkpt lat="48.500854" lon="-121.19753"><ele>2126.012451171875</ele><time>2020-03-21T19:43:18Z</time></trkpt><trkpt lat="48.500836" lon="-121.197559"><ele>2124.427001953125</ele><time>2020-03-21T19:43:31Z</time></trkpt><trkpt lat="48.500757" lon="-121.197574"><ele>2127.84765625</ele><time>2020-03-21T19:43:52Z</time></trkpt><trkpt lat="48.500755" lon="-121.197575"><ele>2129.05517578125</ele><time>2020-03-21T19:43:53Z</time></trkpt><trkpt lat="48.500726" lon="-121.197575"><ele>2129.55029296875</ele><time>2020-03-21T19:43:59Z</time></trkpt><trkpt lat="48.500657" lon="-121.197531"><ele>2133.8154296875</ele><time>2020-03-21T19:44:48Z</time></trkpt><trkpt lat="48.500633" lon="-121.197462"><ele>2137.13134765625</ele><time>2020-03-21T19:45:15Z</time></trkpt><trkpt lat="48.500606" lon="-121.197448"><ele>2137.856201171875</ele><time>2020-03-21T19:45:28Z</time></trkpt><trkpt lat="48.500601" lon="-121.197445"><ele>2136.454833984375</ele><time>2020-03-21T19:45:29Z</time></trkpt><trkpt lat="48.500541" lon="-121.197506"><ele>2142.02734375</ele><time>2020-03-21T19:45:58Z</time></trkpt><trkpt lat="48.500517" lon="-121.197491"><ele>2141.965576171875</ele><time>2020-03-21T19:46:15Z</time></trkpt><trkpt lat="48.500504" lon="-121.197422"><ele>2140.73291015625</ele><time>2020-03-21T19:46:29Z</time></trkpt><trkpt lat="48.500517" lon="-121.19738"><ele>2141.413330078125</ele><time>2020-03-21T19:46:38Z</time></trkpt><trkpt lat="48.500518" lon="-121.197372"><ele>2141.173583984375</ele><time>2020-03-21T19:46:39Z</time></trkpt><trkpt lat="48.500532" lon="-121.197292"><ele>2143.1044921875</ele><time>2020-03-21T19:46:49Z</time></trkpt><trkpt lat="48.500539" lon="-121.197305"><ele>2143.943115234375</ele><time>2020-03-21T19:47:37Z</time></trkpt></trkseg></trk></gpx>